normalized_finding_id,raw_finding_id,scenario_id,family_id,context_variant,base_seed_id,check_id,check_name,resource_raw,resource_address_norm,resource_type,file_path_raw,file_path_repo,line_start,line_end,severity_raw,severity_class,severity_numeric,scope_status,scope_category,scope_notes,severity_policy_basis,environment,asset_criticality,data_sensitivity
5e69d84be60658fc,bb13b084a34f79fd,CTX-03-A,CTX-03,context_a,AIG-02626,CKV_AWS_130,Ensure VPC subnets do not assign public IP by default,aws_subnet.public,aws_subnet.public,aws_subnet,/CTX-03/context_a/main.tf,CTX-03/context_a/main.tf,24,32,,,,OUT_OF_SCOPE,,"Subnet public-IP assignment is outside the predefined public S3, public RDS, security-group, and administrative-port categories.",,dev,low,low
bd19a24e8c4775e2,97f0b620c1778888,CTX-03-B,CTX-03,context_b,AIG-02626,CKV_AWS_130,Ensure VPC subnets do not assign public IP by default,aws_subnet.public,aws_subnet.public,aws_subnet,/CTX-03/context_b/main.tf,CTX-03/context_b/main.tf,24,32,,,,OUT_OF_SCOPE,,"Subnet public-IP assignment is outside the predefined public S3, public RDS, security-group, and administrative-port categories.",,prod,high,high
20b34d66035f8833,f4beccb61534e028,CTX-05-A,CTX-05,context_a,AIG-00004,CKV_AWS_352,Ensure NACL ingress does not allow all Ports,aws_network_acl_rule.deny_all_ingress,aws_network_acl_rule.deny_all_ingress,aws_network_acl_rule,/CTX-05/context_a/main.tf,CTX-05/context_a/main.tf,189,196,,,,OUT_OF_SCOPE,,NACL unrestricted ingress is not the predefined Security Group 0.0.0.0/0 category.,,dev,low,low
d8ecf31188554de0,853393694e9eac3c,CTX-05-B,CTX-05,context_b,AIG-00004,CKV_AWS_352,Ensure NACL ingress does not allow all Ports,aws_network_acl_rule.deny_all_ingress,aws_network_acl_rule.deny_all_ingress,aws_network_acl_rule,/CTX-05/context_b/main.tf,CTX-05/context_b/main.tf,189,196,,,,OUT_OF_SCOPE,,NACL unrestricted ingress is not the predefined Security Group 0.0.0.0/0 category.,,prod,high,high
806134a3e1cd8193,8da3b73ae52d23a9,CTX-06-A,CTX-06,context_a,EXT-01,CKV_AWS_63,"Ensure no IAM policies documents allow ""*"" as a statement's actions",aws_iam_policy.target,aws_iam_policy.target,aws_iam_policy,/CTX-06/context_a/main.tf,CTX-06/context_a/main.tf,24,35,,HIGH,3,IN_SCOPE,CAT-01,IAM wildcard action scope,IAM wildcard action scope,dev,low,low
748f6077f0d684d0,0773a3c468b102f2,CTX-06-A,CTX-06,context_a,EXT-01,CKV_AWS_290,Ensure IAM policies does not allow write access without constraints,aws_iam_policy.target,aws_iam_policy.target,aws_iam_policy,/CTX-06/context_a/main.tf,CTX-06/context_a/main.tf,24,35,,,,OUT_OF_SCOPE,,IAM write-access control,,dev,low,low
3476fe71bae11522,65b240b707ade067,CTX-06-A,CTX-06,context_a,EXT-01,CKV_AWS_288,Ensure IAM policies does not allow data exfiltration,aws_iam_policy.target,aws_iam_policy.target,aws_iam_policy,/CTX-06/context_a/main.tf,CTX-06/context_a/main.tf,24,35,,,,OUT_OF_SCOPE,,IAM data-exfiltration control,,dev,low,low
1a76e89c242e8933,8807f0cb6311f77a,CTX-06-A,CTX-06,context_a,EXT-01,CKV_AWS_355,"Ensure no IAM policies documents allow ""*"" as a statement's resource for restrictable actions",aws_iam_policy.target,aws_iam_policy.target,aws_iam_policy,/CTX-06/context_a/main.tf,CTX-06/context_a/main.tf,24,35,,HIGH,3,IN_SCOPE,CAT-02,IAM wildcard resource scope,IAM wildcard resource scope,dev,low,low
575a0b3fe6917879,a8f120033dead74b,CTX-06-A,CTX-06,context_a,EXT-01,CKV_AWS_287,Ensure IAM policies does not allow credentials exposure,aws_iam_policy.target,aws_iam_policy.target,aws_iam_policy,/CTX-06/context_a/main.tf,CTX-06/context_a/main.tf,24,35,,,,OUT_OF_SCOPE,,IAM credential-exposure control,,dev,low,low
abab00d48b328747,ace0adb57bcb6236,CTX-06-A,CTX-06,context_a,EXT-01,CKV_AWS_289,Ensure IAM policies does not allow permissions management / resource exposure without constraints,aws_iam_policy.target,aws_iam_policy.target,aws_iam_policy,/CTX-06/context_a/main.tf,CTX-06/context_a/main.tf,24,35,,HIGH,3,IN_SCOPE,CAT-03,Permissions-management/resource-exposure without constraints,Permissions-management/resource-exposure without constraints,dev,low,low
0903df36fefcf72f,8d9b2165aaf04e38,CTX-06-A,CTX-06,context_a,EXT-01,CKV_AWS_286,Ensure IAM policies does not allow privilege escalation,aws_iam_policy.target,aws_iam_policy.target,aws_iam_policy,/CTX-06/context_a/main.tf,CTX-06/context_a/main.tf,24,35,,CRITICAL,4,IN_SCOPE,CAT-03,Direct privilege-escalation risk,Direct privilege-escalation risk,dev,low,low
1428ed8c3331d09e,477d5c05a6cb02e5,CTX-06-A,CTX-06,context_a,EXT-01,CKV_AWS_62,"Ensure IAM policies that allow full ""*-*"" administrative privileges are not created",aws_iam_policy.target,aws_iam_policy.target,aws_iam_policy,/CTX-06/context_a/main.tf,CTX-06/context_a/main.tf,24,35,,CRITICAL,4,IN_SCOPE,CAT-03,Full administrative IAM privileges,Full administrative IAM privileges,dev,low,low
8a7e49d46021b44b,48ccbed177c4f1c0,CTX-06-B,CTX-06,context_b,EXT-01,CKV_AWS_63,"Ensure no IAM policies documents allow ""*"" as a statement's actions",aws_iam_policy.target,aws_iam_policy.target,aws_iam_policy,/CTX-06/context_b/main.tf,CTX-06/context_b/main.tf,24,35,,HIGH,3,IN_SCOPE,CAT-01,IAM wildcard action scope,IAM wildcard action scope,prod,high,high
1e1ac2cfcee9999c,7197b4de544ca8a6,CTX-06-B,CTX-06,context_b,EXT-01,CKV_AWS_290,Ensure IAM policies does not allow write access without constraints,aws_iam_policy.target,aws_iam_policy.target,aws_iam_policy,/CTX-06/context_b/main.tf,CTX-06/context_b/main.tf,24,35,,,,OUT_OF_SCOPE,,IAM write-access control,,prod,high,high
8ff7f8c1ff6fad27,ccf1bc43be557a40,CTX-06-B,CTX-06,context_b,EXT-01,CKV_AWS_288,Ensure IAM policies does not allow data exfiltration,aws_iam_policy.target,aws_iam_policy.target,aws_iam_policy,/CTX-06/context_b/main.tf,CTX-06/context_b/main.tf,24,35,,,,OUT_OF_SCOPE,,IAM data-exfiltration control,,prod,high,high
be50b85d647fc701,6145f9dc3e730484,CTX-06-B,CTX-06,context_b,EXT-01,CKV_AWS_355,"Ensure no IAM policies documents allow ""*"" as a statement's resource for restrictable actions",aws_iam_policy.target,aws_iam_policy.target,aws_iam_policy,/CTX-06/context_b/main.tf,CTX-06/context_b/main.tf,24,35,,HIGH,3,IN_SCOPE,CAT-02,IAM wildcard resource scope,IAM wildcard resource scope,prod,high,high
95679c78f981aeff,cd03914ab0c9622a,CTX-06-B,CTX-06,context_b,EXT-01,CKV_AWS_287,Ensure IAM policies does not allow credentials exposure,aws_iam_policy.target,aws_iam_policy.target,aws_iam_policy,/CTX-06/context_b/main.tf,CTX-06/context_b/main.tf,24,35,,,,OUT_OF_SCOPE,,IAM credential-exposure control,,prod,high,high
7d89dac8827d6c7d,93fe060efbe8c9e5,CTX-06-B,CTX-06,context_b,EXT-01,CKV_AWS_289,Ensure IAM policies does not allow permissions management / resource exposure without constraints,aws_iam_policy.target,aws_iam_policy.target,aws_iam_policy,/CTX-06/context_b/main.tf,CTX-06/context_b/main.tf,24,35,,HIGH,3,IN_SCOPE,CAT-03,Permissions-management/resource-exposure without constraints,Permissions-management/resource-exposure without constraints,prod,high,high
2c196ec32804403e,a399104d7c90e88b,CTX-06-B,CTX-06,context_b,EXT-01,CKV_AWS_286,Ensure IAM policies does not allow privilege escalation,aws_iam_policy.target,aws_iam_policy.target,aws_iam_policy,/CTX-06/context_b/main.tf,CTX-06/context_b/main.tf,24,35,,CRITICAL,4,IN_SCOPE,CAT-03,Direct privilege-escalation risk,Direct privilege-escalation risk,prod,high,high
9770898355765039,b194e2d12714c925,CTX-06-B,CTX-06,context_b,EXT-01,CKV_AWS_62,"Ensure IAM policies that allow full ""*-*"" administrative privileges are not created",aws_iam_policy.target,aws_iam_policy.target,aws_iam_policy,/CTX-06/context_b/main.tf,CTX-06/context_b/main.tf,24,35,,CRITICAL,4,IN_SCOPE,CAT-03,Full administrative IAM privileges,Full administrative IAM privileges,prod,high,high
c17fde852ae07d8d,836e40e8b4fe403b,CTX-07-A,CTX-07,context_a,EXT-03,CKV_AWS_17,Ensure all data stored in RDS is not publicly accessible,aws_db_instance.target,aws_db_instance.target,aws_db_instance,/CTX-07/context_a/main.tf,CTX-07/context_a/main.tf,20,30,,HIGH,3,IN_SCOPE,CAT-05,Direct public RDS exposure,Direct public RDS exposure,dev,low,low
702fe0c57f871973,c25ebedcd29edaa6,CTX-07-A,CTX-07,context_a,EXT-03,CKV_AWS_353,Ensure that RDS instances have performance insights enabled,aws_db_instance.target,aws_db_instance.target,aws_db_instance,/CTX-07/context_a/main.tf,CTX-07/context_a/main.tf,20,30,,,,OUT_OF_SCOPE,,RDS Performance Insights is outside the predefined security categories.,,dev,low,low
16110be7075cc2aa,4811737a613e5e69,CTX-07-A,CTX-07,context_a,EXT-03,CKV_AWS_226,Ensure DB instance gets all minor upgrades automatically,aws_db_instance.target,aws_db_instance.target,aws_db_instance,/CTX-07/context_a/main.tf,CTX-07/context_a/main.tf,20,30,,,,OUT_OF_SCOPE,,RDS minor-upgrade control,,dev,low,low
76268c8afe370188,061fb00a339c16e6,CTX-07-A,CTX-07,context_a,EXT-03,CKV_AWS_129,Ensure that respective logs of Amazon Relational Database Service (Amazon RDS) are enabled,aws_db_instance.target,aws_db_instance.target,aws_db_instance,/CTX-07/context_a/main.tf,CTX-07/context_a/main.tf,20,30,,MEDIUM,2,IN_SCOPE,CAT-08,RDS logging control,Missing RDS logging control,dev,low,low
84b279af1a0d89c8,ff129bb4b35fabae,CTX-07-A,CTX-07,context_a,EXT-03,CKV_AWS_293,Ensure that AWS database instances have deletion protection enabled,aws_db_instance.target,aws_db_instance.target,aws_db_instance,/CTX-07/context_a/main.tf,CTX-07/context_a/main.tf,20,30,,,,OUT_OF_SCOPE,,RDS deletion-protection control,,dev,low,low
26e674ec203c23a3,8ca3e1edc18630ee,CTX-07-A,CTX-07,context_a,EXT-03,CKV_AWS_118,Ensure that enhanced monitoring is enabled for Amazon RDS instances,aws_db_instance.target,aws_db_instance.target,aws_db_instance,/CTX-07/context_a/main.tf,CTX-07/context_a/main.tf,20,30,,,,OUT_OF_SCOPE,,RDS enhanced monitoring control,,dev,low,low
5e6eada4eaa0d3b8,a6f61e04f936b692,CTX-07-A,CTX-07,context_a,EXT-03,CKV_AWS_157,Ensure that RDS instances have Multi-AZ enabled,aws_db_instance.target,aws_db_instance.target,aws_db_instance,/CTX-07/context_a/main.tf,CTX-07/context_a/main.tf,20,30,,,,OUT_OF_SCOPE,,RDS Multi-AZ availability control,,dev,low,low
6b913fb6e12bb025,e3d840c4c9d49f10,CTX-07-A,CTX-07,context_a,EXT-03,CKV_AWS_161,Ensure RDS database has IAM authentication enabled,aws_db_instance.target,aws_db_instance.target,aws_db_instance,/CTX-07/context_a/main.tf,CTX-07/context_a/main.tf,20,30,,,,OUT_OF_SCOPE,,RDS IAM authentication control,,dev,low,low
f507fe74919d9c1b,41640528a0045288,CTX-07-B,CTX-07,context_b,EXT-03,CKV_AWS_17,Ensure all data stored in RDS is not publicly accessible,aws_db_instance.target,aws_db_instance.target,aws_db_instance,/CTX-07/context_b/main.tf,CTX-07/context_b/main.tf,20,30,,HIGH,3,IN_SCOPE,CAT-05,Direct public RDS exposure,Direct public RDS exposure,prod,high,high
50ae1454ea1e9113,0891dff9fca9022e,CTX-07-B,CTX-07,context_b,EXT-03,CKV_AWS_353,Ensure that RDS instances have performance insights enabled,aws_db_instance.target,aws_db_instance.target,aws_db_instance,/CTX-07/context_b/main.tf,CTX-07/context_b/main.tf,20,30,,,,OUT_OF_SCOPE,,RDS Performance Insights is outside the predefined security categories.,,prod,high,high
877623d0674b3df2,f4acf653b71cb2eb,CTX-07-B,CTX-07,context_b,EXT-03,CKV_AWS_226,Ensure DB instance gets all minor upgrades automatically,aws_db_instance.target,aws_db_instance.target,aws_db_instance,/CTX-07/context_b/main.tf,CTX-07/context_b/main.tf,20,30,,,,OUT_OF_SCOPE,,RDS minor-upgrade control,,prod,high,high
af77ed7ce0b2abd1,534d2beb69e028e3,CTX-07-B,CTX-07,context_b,EXT-03,CKV_AWS_129,Ensure that respective logs of Amazon Relational Database Service (Amazon RDS) are enabled,aws_db_instance.target,aws_db_instance.target,aws_db_instance,/CTX-07/context_b/main.tf,CTX-07/context_b/main.tf,20,30,,MEDIUM,2,IN_SCOPE,CAT-08,RDS logging control,Missing RDS logging control,prod,high,high
c933e727089a6b8a,0bee2dbef3d6e843,CTX-07-B,CTX-07,context_b,EXT-03,CKV_AWS_293,Ensure that AWS database instances have deletion protection enabled,aws_db_instance.target,aws_db_instance.target,aws_db_instance,/CTX-07/context_b/main.tf,CTX-07/context_b/main.tf,20,30,,,,OUT_OF_SCOPE,,RDS deletion-protection control,,prod,high,high
6c283743c0fa0b6a,bb4c1703a4286a0c,CTX-07-B,CTX-07,context_b,EXT-03,CKV_AWS_118,Ensure that enhanced monitoring is enabled for Amazon RDS instances,aws_db_instance.target,aws_db_instance.target,aws_db_instance,/CTX-07/context_b/main.tf,CTX-07/context_b/main.tf,20,30,,,,OUT_OF_SCOPE,,RDS enhanced monitoring control,,prod,high,high
66f66b9c741d91b1,2722e2ad16c6cf3b,CTX-07-B,CTX-07,context_b,EXT-03,CKV_AWS_157,Ensure that RDS instances have Multi-AZ enabled,aws_db_instance.target,aws_db_instance.target,aws_db_instance,/CTX-07/context_b/main.tf,CTX-07/context_b/main.tf,20,30,,,,OUT_OF_SCOPE,,RDS Multi-AZ availability control,,prod,high,high
dceb531e3732c80c,0d9179e53dc48556,CTX-07-B,CTX-07,context_b,EXT-03,CKV_AWS_161,Ensure RDS database has IAM authentication enabled,aws_db_instance.target,aws_db_instance.target,aws_db_instance,/CTX-07/context_b/main.tf,CTX-07/context_b/main.tf,20,30,,,,OUT_OF_SCOPE,,RDS IAM authentication control,,prod,high,high
52957f6c784f0d05,bcb49ed5bb34d11b,CTX-08-A,CTX-08,context_a,EXT-04,CKV_AWS_353,Ensure that RDS instances have performance insights enabled,aws_db_instance.target,aws_db_instance.target,aws_db_instance,/CTX-08/context_a/main.tf,CTX-08/context_a/main.tf,26,36,,,,OUT_OF_SCOPE,,RDS Performance Insights is outside the predefined security categories.,,dev,low,low
af6adde0d2735965,13bca73c42216c3d,CTX-08-A,CTX-08,context_a,EXT-04,CKV_AWS_226,Ensure DB instance gets all minor upgrades automatically,aws_db_instance.target,aws_db_instance.target,aws_db_instance,/CTX-08/context_a/main.tf,CTX-08/context_a/main.tf,26,36,,,,OUT_OF_SCOPE,,RDS minor-upgrade control,,dev,low,low
6d183fccd3df5fb5,0af0b8fd066516c1,CTX-08-A,CTX-08,context_a,EXT-04,CKV_AWS_129,Ensure that respective logs of Amazon Relational Database Service (Amazon RDS) are enabled,aws_db_instance.target,aws_db_instance.target,aws_db_instance,/CTX-08/context_a/main.tf,CTX-08/context_a/main.tf,26,36,,MEDIUM,2,IN_SCOPE,CAT-08,RDS logging control,Missing RDS logging control,dev,low,low
42ce82d1f0a20544,09a1a8c97e97fc77,CTX-08-A,CTX-08,context_a,EXT-04,CKV_AWS_293,Ensure that AWS database instances have deletion protection enabled,aws_db_instance.target,aws_db_instance.target,aws_db_instance,/CTX-08/context_a/main.tf,CTX-08/context_a/main.tf,26,36,,,,OUT_OF_SCOPE,,RDS deletion-protection control,,dev,low,low
fc474a2812a36ce5,a3b444826817ca61,CTX-08-A,CTX-08,context_a,EXT-04,CKV_AWS_16,Ensure all data stored in the RDS is securely encrypted at rest,aws_db_instance.target,aws_db_instance.target,aws_db_instance,/CTX-08/context_a/main.tf,CTX-08/context_a/main.tf,26,36,,MEDIUM,2,IN_SCOPE,CAT-08,RDS encryption control,Missing RDS encryption control,dev,low,low
5de590b472446fd7,8f5392eaeb060d92,CTX-08-A,CTX-08,context_a,EXT-04,CKV_AWS_118,Ensure that enhanced monitoring is enabled for Amazon RDS instances,aws_db_instance.target,aws_db_instance.target,aws_db_instance,/CTX-08/context_a/main.tf,CTX-08/context_a/main.tf,26,36,,,,OUT_OF_SCOPE,,RDS enhanced monitoring control,,dev,low,low
0c4d87a29d182078,db95d2aff6d5538d,CTX-08-A,CTX-08,context_a,EXT-04,CKV_AWS_157,Ensure that RDS instances have Multi-AZ enabled,aws_db_instance.target,aws_db_instance.target,aws_db_instance,/CTX-08/context_a/main.tf,CTX-08/context_a/main.tf,26,36,,,,OUT_OF_SCOPE,,RDS Multi-AZ availability control,,dev,low,low
56ded7b784b2efc3,0307b9b90a844867,CTX-08-A,CTX-08,context_a,EXT-04,CKV_AWS_161,Ensure RDS database has IAM authentication enabled,aws_db_instance.target,aws_db_instance.target,aws_db_instance,/CTX-08/context_a/main.tf,CTX-08/context_a/main.tf,26,36,,,,OUT_OF_SCOPE,,RDS IAM authentication control,,dev,low,low
c0be49163f5ba37e,0ab74653b7f394a6,CTX-08-B,CTX-08,context_b,EXT-04,CKV_AWS_353,Ensure that RDS instances have performance insights enabled,aws_db_instance.target,aws_db_instance.target,aws_db_instance,/CTX-08/context_b/main.tf,CTX-08/context_b/main.tf,26,36,,,,OUT_OF_SCOPE,,RDS Performance Insights is outside the predefined security categories.,,prod,high,high
c73922f7444c6475,d0060db89bd10a0d,CTX-08-B,CTX-08,context_b,EXT-04,CKV_AWS_226,Ensure DB instance gets all minor upgrades automatically,aws_db_instance.target,aws_db_instance.target,aws_db_instance,/CTX-08/context_b/main.tf,CTX-08/context_b/main.tf,26,36,,,,OUT_OF_SCOPE,,RDS minor-upgrade control,,prod,high,high
87b743738156168c,335f44891454d1e0,CTX-08-B,CTX-08,context_b,EXT-04,CKV_AWS_129,Ensure that respective logs of Amazon Relational Database Service (Amazon RDS) are enabled,aws_db_instance.target,aws_db_instance.target,aws_db_instance,/CTX-08/context_b/main.tf,CTX-08/context_b/main.tf,26,36,,MEDIUM,2,IN_SCOPE,CAT-08,RDS logging control,Missing RDS logging control,prod,high,high
4fb644a2479b438c,59b28c03839adf7b,CTX-08-B,CTX-08,context_b,EXT-04,CKV_AWS_293,Ensure that AWS database instances have deletion protection enabled,aws_db_instance.target,aws_db_instance.target,aws_db_instance,/CTX-08/context_b/main.tf,CTX-08/context_b/main.tf,26,36,,,,OUT_OF_SCOPE,,RDS deletion-protection control,,prod,high,high
e61f8a338e94e0c4,b632fc22a9d8254b,CTX-08-B,CTX-08,context_b,EXT-04,CKV_AWS_16,Ensure all data stored in the RDS is securely encrypted at rest,aws_db_instance.target,aws_db_instance.target,aws_db_instance,/CTX-08/context_b/main.tf,CTX-08/context_b/main.tf,26,36,,MEDIUM,2,IN_SCOPE,CAT-08,RDS encryption control,Missing RDS encryption control,prod,high,high
2658cbf2a47698e8,094a8731e8e95c79,CTX-08-B,CTX-08,context_b,EXT-04,CKV_AWS_118,Ensure that enhanced monitoring is enabled for Amazon RDS instances,aws_db_instance.target,aws_db_instance.target,aws_db_instance,/CTX-08/context_b/main.tf,CTX-08/context_b/main.tf,26,36,,,,OUT_OF_SCOPE,,RDS enhanced monitoring control,,prod,high,high
00510102d740b3d3,ff33261538356ebd,CTX-08-B,CTX-08,context_b,EXT-04,CKV_AWS_157,Ensure that RDS instances have Multi-AZ enabled,aws_db_instance.target,aws_db_instance.target,aws_db_instance,/CTX-08/context_b/main.tf,CTX-08/context_b/main.tf,26,36,,,,OUT_OF_SCOPE,,RDS Multi-AZ availability control,,prod,high,high
6a374ac7b49d0b59,57db58a2ce68cc28,CTX-08-B,CTX-08,context_b,EXT-04,CKV_AWS_161,Ensure RDS database has IAM authentication enabled,aws_db_instance.target,aws_db_instance.target,aws_db_instance,/CTX-08/context_b/main.tf,CTX-08/context_b/main.tf,26,36,,,,OUT_OF_SCOPE,,RDS IAM authentication control,,prod,high,high
d237ee9819884a1b,f2dc9d84e5347cf8,CTX-09-A,CTX-09,context_a,EXT-05,CKV_AWS_382,Ensure no security groups allow egress from 0.0.0.0:0 to port -1,aws_security_group.target,aws_security_group.target,aws_security_group,/CTX-09/context_a/main.tf,CTX-09/context_a/main.tf,28,51,,,,OUT_OF_SCOPE,,Security-group unrestricted egress control,,dev,low,low
a0594485bac3c7d5,69ecb30e9774828a,CTX-09-B,CTX-09,context_b,EXT-05,CKV_AWS_382,Ensure no security groups allow egress from 0.0.0.0:0 to port -1,aws_security_group.target,aws_security_group.target,aws_security_group,/CTX-09/context_b/main.tf,CTX-09/context_b/main.tf,28,51,,,,OUT_OF_SCOPE,,Security-group unrestricted egress control,,prod,high,high
3762205fc9dd0c0c,136c251d2fd869be,CTX-07-A,CTX-07,context_a,EXT-03,CKV2_AWS_60,Ensure RDS instance with copy tags to snapshots is enabled,aws_db_instance.target,aws_db_instance.target,aws_db_instance,/CTX-07/context_a/main.tf,CTX-07/context_a/main.tf,20,30,,,,OUT_OF_SCOPE,,RDS snapshot tag-copy control,,dev,low,low
6f80cf60625a78ac,1af79813bf543559,CTX-07-B,CTX-07,context_b,EXT-03,CKV2_AWS_60,Ensure RDS instance with copy tags to snapshots is enabled,aws_db_instance.target,aws_db_instance.target,aws_db_instance,/CTX-07/context_b/main.tf,CTX-07/context_b/main.tf,20,30,,,,OUT_OF_SCOPE,,RDS snapshot tag-copy control,,prod,high,high
d054d62c78e842b8,68eec1f6592b53fa,CTX-08-A,CTX-08,context_a,EXT-04,CKV2_AWS_60,Ensure RDS instance with copy tags to snapshots is enabled,aws_db_instance.target,aws_db_instance.target,aws_db_instance,/CTX-08/context_a/main.tf,CTX-08/context_a/main.tf,26,36,,,,OUT_OF_SCOPE,,RDS snapshot tag-copy control,,dev,low,low
ea56ef3b278b9346,f7e04f9b8831cc8e,CTX-08-B,CTX-08,context_b,EXT-04,CKV2_AWS_60,Ensure RDS instance with copy tags to snapshots is enabled,aws_db_instance.target,aws_db_instance.target,aws_db_instance,/CTX-08/context_b/main.tf,CTX-08/context_b/main.tf,26,36,,,,OUT_OF_SCOPE,,RDS snapshot tag-copy control,,prod,high,high
f8b9f437e2a0d285,d90a2821047df2d8,CTX-09-A,CTX-09,context_a,EXT-05,CKV2_AWS_5,Ensure that Security Groups are attached to another resource,aws_security_group.target,aws_security_group.target,aws_security_group,/CTX-09/context_a/main.tf,CTX-09/context_a/main.tf,28,51,,,,OUT_OF_SCOPE,,Security-group attachment control outside predefined categories,,dev,low,low
f02bce44d9ade6d7,6a35f64e1dd0944e,CTX-09-B,CTX-09,context_b,EXT-05,CKV2_AWS_5,Ensure that Security Groups are attached to another resource,aws_security_group.target,aws_security_group.target,aws_security_group,/CTX-09/context_b/main.tf,CTX-09/context_b/main.tf,28,51,,,,OUT_OF_SCOPE,,Security-group attachment control outside predefined categories,,prod,high,high
a6e91b2c98329495,fde3297547855973,CTX-02-A,CTX-02,context_a,AIG-01054,CKV_AWS_18,Ensure the S3 bucket has access logging enabled,aws_s3_bucket.this,aws_s3_bucket.this,aws_s3_bucket,/CTX-02/context_a/main.tf,CTX-02/context_a/main.tf,77,80,,MEDIUM,2,IN_SCOPE,CAT-08,S3 access logging control,Missing S3 access logging control,dev,low,low
df3140798c7ebbfe,2976560351853f96,CTX-02-B,CTX-02,context_b,AIG-01054,CKV_AWS_18,Ensure the S3 bucket has access logging enabled,aws_s3_bucket.this,aws_s3_bucket.this,aws_s3_bucket,/CTX-02/context_b/main.tf,CTX-02/context_b/main.tf,77,80,,MEDIUM,2,IN_SCOPE,CAT-08,S3 access logging control,Missing S3 access logging control,prod,high,high
98bd672f446780d6,834a75a67162b726,CTX-06-A,CTX-06,context_a,EXT-01,CKV_AWS_18,Ensure the S3 bucket has access logging enabled,aws_s3_bucket.target,aws_s3_bucket.target,aws_s3_bucket,/CTX-06/context_a/main.tf,CTX-06/context_a/main.tf,20,22,,MEDIUM,2,IN_SCOPE,CAT-08,S3 access logging control,Missing S3 access logging control,dev,low,low
345191fd74592110,70d8955448e5cf72,CTX-06-B,CTX-06,context_b,EXT-01,CKV_AWS_18,Ensure the S3 bucket has access logging enabled,aws_s3_bucket.target,aws_s3_bucket.target,aws_s3_bucket,/CTX-06/context_b/main.tf,CTX-06/context_b/main.tf,20,22,,MEDIUM,2,IN_SCOPE,CAT-08,S3 access logging control,Missing S3 access logging control,prod,high,high
63bfdeb367f158f6,35e90d14e4c56ddb,CTX-10-A,CTX-10,context_a,EXT-07,CKV_AWS_18,Ensure the S3 bucket has access logging enabled,aws_s3_bucket.logs,aws_s3_bucket.logs,aws_s3_bucket,/CTX-10/context_a/main.tf,CTX-10/context_a/main.tf,20,22,,MEDIUM,2,IN_SCOPE,CAT-08,S3 access logging control,Missing S3 access logging control,dev,low,low
8e905c471a1d2fc5,042c58627ad93fae,CTX-10-A,CTX-10,context_a,EXT-07,CKV_AWS_18,Ensure the S3 bucket has access logging enabled,aws_s3_bucket.target,aws_s3_bucket.target,aws_s3_bucket,/CTX-10/context_a/main.tf,CTX-10/context_a/main.tf,24,26,,MEDIUM,2,IN_SCOPE,CAT-08,S3 access logging control,Missing S3 access logging control,dev,low,low
81149a040fcb9387,9d545ecfabf11acf,CTX-10-B,CTX-10,context_b,EXT-07,CKV_AWS_18,Ensure the S3 bucket has access logging enabled,aws_s3_bucket.logs,aws_s3_bucket.logs,aws_s3_bucket,/CTX-10/context_b/main.tf,CTX-10/context_b/main.tf,20,22,,MEDIUM,2,IN_SCOPE,CAT-08,S3 access logging control,Missing S3 access logging control,prod,high,high
be8a43e73fde9cc0,5ac340b1fc06faab,CTX-10-B,CTX-10,context_b,EXT-07,CKV_AWS_18,Ensure the S3 bucket has access logging enabled,aws_s3_bucket.target,aws_s3_bucket.target,aws_s3_bucket,/CTX-10/context_b/main.tf,CTX-10/context_b/main.tf,24,26,,MEDIUM,2,IN_SCOPE,CAT-08,S3 access logging control,Missing S3 access logging control,prod,high,high
0f45ac4bd151118c,4e1d0610ee72d313,CTX-07-A,CTX-07,context_a,EXT-03,CKV2_AWS_30,Ensure Postgres RDS as aws_db_instance has Query Logging enabled,aws_db_instance.target,aws_db_instance.target,aws_db_instance,/CTX-07/context_a/main.tf,CTX-07/context_a/main.tf,20,30,,MEDIUM,2,IN_SCOPE,CAT-08,PostgreSQL RDS query logging is a logging control and falls under Missing encryption / logging.,Missing PostgreSQL RDS query logging control,dev,low,low
d28a355382f139b0,3b5967252fa92e44,CTX-07-B,CTX-07,context_b,EXT-03,CKV2_AWS_30,Ensure Postgres RDS as aws_db_instance has Query Logging enabled,aws_db_instance.target,aws_db_instance.target,aws_db_instance,/CTX-07/context_b/main.tf,CTX-07/context_b/main.tf,20,30,,MEDIUM,2,IN_SCOPE,CAT-08,PostgreSQL RDS query logging is a logging control and falls under Missing encryption / logging.,Missing PostgreSQL RDS query logging control,prod,high,high
83c3c1140ceb6760,c4ebb5b783aff36d,CTX-08-A,CTX-08,context_a,EXT-04,CKV2_AWS_30,Ensure Postgres RDS as aws_db_instance has Query Logging enabled,aws_db_instance.target,aws_db_instance.target,aws_db_instance,/CTX-08/context_a/main.tf,CTX-08/context_a/main.tf,26,36,,MEDIUM,2,IN_SCOPE,CAT-08,PostgreSQL RDS query logging is a logging control and falls under Missing encryption / logging.,Missing PostgreSQL RDS query logging control,dev,low,low
1f965acb455cbf15,b0f10e70138f99a6,CTX-08-B,CTX-08,context_b,EXT-04,CKV2_AWS_30,Ensure Postgres RDS as aws_db_instance has Query Logging enabled,aws_db_instance.target,aws_db_instance.target,aws_db_instance,/CTX-08/context_b/main.tf,CTX-08/context_b/main.tf,26,36,,MEDIUM,2,IN_SCOPE,CAT-08,PostgreSQL RDS query logging is a logging control and falls under Missing encryption / logging.,Missing PostgreSQL RDS query logging control,prod,high,high
122018345212b922,9637eb0620be95d9,CTX-06-A,CTX-06,context_a,EXT-01,CKV2_AWS_40,Ensure AWS IAM policy does not allow full IAM privileges,aws_iam_policy.target,aws_iam_policy.target,aws_iam_policy,/CTX-06/context_a/main.tf,CTX-06/context_a/main.tf,24,35,,CRITICAL,4,IN_SCOPE,CAT-03,Full IAM privileges,Full IAM privileges,dev,low,low
c99fbf0b6e8faf22,9ef48db427ed198f,CTX-06-B,CTX-06,context_b,EXT-01,CKV2_AWS_40,Ensure AWS IAM policy does not allow full IAM privileges,aws_iam_policy.target,aws_iam_policy.target,aws_iam_policy,/CTX-06/context_b/main.tf,CTX-06/context_b/main.tf,24,35,,CRITICAL,4,IN_SCOPE,CAT-03,Full IAM privileges,Full IAM privileges,prod,high,high
9902b2051438434d,0c647dc8eb522dba,CTX-01-A,CTX-01,context_a,AIG-00526,CKV2_AWS_61,Ensure that an S3 bucket has a lifecycle configuration,aws_s3_bucket.access_logs,aws_s3_bucket.access_logs,aws_s3_bucket,/CTX-01/context_a/main.tf,CTX-01/context_a/main.tf,65,68,,,,OUT_OF_SCOPE,,S3 lifecycle control,,dev,low,low
354d290aac85a3ff,30e9d86b7cdea5a0,CTX-01-A,CTX-01,context_a,AIG-00526,CKV2_AWS_61,Ensure that an S3 bucket has a lifecycle configuration,aws_s3_bucket.main,aws_s3_bucket.main,aws_s3_bucket,/CTX-01/context_a/main.tf,CTX-01/context_a/main.tf,130,133,,,,OUT_OF_SCOPE,,S3 lifecycle control,,dev,low,low
be3ec5826aa9bfe1,8f5c8292f36d5480,CTX-01-B,CTX-01,context_b,AIG-00526,CKV2_AWS_61,Ensure that an S3 bucket has a lifecycle configuration,aws_s3_bucket.access_logs,aws_s3_bucket.access_logs,aws_s3_bucket,/CTX-01/context_b/main.tf,CTX-01/context_b/main.tf,65,68,,,,OUT_OF_SCOPE,,S3 lifecycle control,,prod,high,high
c9399df758ec5603,a422c934d0b00dc0,CTX-01-B,CTX-01,context_b,AIG-00526,CKV2_AWS_61,Ensure that an S3 bucket has a lifecycle configuration,aws_s3_bucket.main,aws_s3_bucket.main,aws_s3_bucket,/CTX-01/context_b/main.tf,CTX-01/context_b/main.tf,130,133,,,,OUT_OF_SCOPE,,S3 lifecycle control,,prod,high,high
a318b07c0b2cb970,b83219f7bf95db2a,CTX-02-A,CTX-02,context_a,AIG-01054,CKV2_AWS_61,Ensure that an S3 bucket has a lifecycle configuration,aws_s3_bucket.this,aws_s3_bucket.this,aws_s3_bucket,/CTX-02/context_a/main.tf,CTX-02/context_a/main.tf,77,80,,,,OUT_OF_SCOPE,,S3 lifecycle control,,dev,low,low
56efd285bc629cf5,9b2fa2a3fc6078c8,CTX-02-B,CTX-02,context_b,AIG-01054,CKV2_AWS_61,Ensure that an S3 bucket has a lifecycle configuration,aws_s3_bucket.this,aws_s3_bucket.this,aws_s3_bucket,/CTX-02/context_b/main.tf,CTX-02/context_b/main.tf,77,80,,,,OUT_OF_SCOPE,,S3 lifecycle control,,prod,high,high
ba787171e5668f14,2983890c8532b376,CTX-06-A,CTX-06,context_a,EXT-01,CKV2_AWS_61,Ensure that an S3 bucket has a lifecycle configuration,aws_s3_bucket.target,aws_s3_bucket.target,aws_s3_bucket,/CTX-06/context_a/main.tf,CTX-06/context_a/main.tf,20,22,,,,OUT_OF_SCOPE,,S3 lifecycle control,,dev,low,low
8317736ce88b98e7,ff6bad3b147fcea9,CTX-06-B,CTX-06,context_b,EXT-01,CKV2_AWS_61,Ensure that an S3 bucket has a lifecycle configuration,aws_s3_bucket.target,aws_s3_bucket.target,aws_s3_bucket,/CTX-06/context_b/main.tf,CTX-06/context_b/main.tf,20,22,,,,OUT_OF_SCOPE,,S3 lifecycle control,,prod,high,high
1209e3313bd4b919,9b3def6a87aad456,CTX-10-A,CTX-10,context_a,EXT-07,CKV2_AWS_61,Ensure that an S3 bucket has a lifecycle configuration,aws_s3_bucket.logs,aws_s3_bucket.logs,aws_s3_bucket,/CTX-10/context_a/main.tf,CTX-10/context_a/main.tf,20,22,,,,OUT_OF_SCOPE,,S3 lifecycle control,,dev,low,low
3e7950e992470d98,8e9e65e04080120c,CTX-10-A,CTX-10,context_a,EXT-07,CKV2_AWS_61,Ensure that an S3 bucket has a lifecycle configuration,aws_s3_bucket.target,aws_s3_bucket.target,aws_s3_bucket,/CTX-10/context_a/main.tf,CTX-10/context_a/main.tf,24,26,,,,OUT_OF_SCOPE,,S3 lifecycle control,,dev,low,low
aab07867415da9cb,8247cf260aebd08b,CTX-10-B,CTX-10,context_b,EXT-07,CKV2_AWS_61,Ensure that an S3 bucket has a lifecycle configuration,aws_s3_bucket.logs,aws_s3_bucket.logs,aws_s3_bucket,/CTX-10/context_b/main.tf,CTX-10/context_b/main.tf,20,22,,,,OUT_OF_SCOPE,,S3 lifecycle control,,prod,high,high
9622e67107a8490a,f346850541b149e8,CTX-10-B,CTX-10,context_b,EXT-07,CKV2_AWS_61,Ensure that an S3 bucket has a lifecycle configuration,aws_s3_bucket.target,aws_s3_bucket.target,aws_s3_bucket,/CTX-10/context_b/main.tf,CTX-10/context_b/main.tf,24,26,,,,OUT_OF_SCOPE,,S3 lifecycle control,,prod,high,high
f670d3c97017bf45,1fd85ce5c365590a,CTX-05-A,CTX-05,context_a,AIG-00004,CKV2_AWS_1,Ensure that all NACL are attached to subnets,aws_network_acl.main,aws_network_acl.main,aws_network_acl,/CTX-05/context_a/main.tf,CTX-05/context_a/main.tf,156,162,,,,OUT_OF_SCOPE,,NACL attachment control is outside the predefined security categories.,,dev,low,low
5c23ba594a9dad01,7209b95bd04a39ac,CTX-05-B,CTX-05,context_b,AIG-00004,CKV2_AWS_1,Ensure that all NACL are attached to subnets,aws_network_acl.main,aws_network_acl.main,aws_network_acl,/CTX-05/context_b/main.tf,CTX-05/context_b/main.tf,156,162,,,,OUT_OF_SCOPE,,NACL attachment control is outside the predefined security categories.,,prod,high,high
322bbc3cd17e4deb,51ffdd3b34497c44,CTX-01-A,CTX-01,context_a,AIG-00526,CKV2_AWS_62,Ensure S3 buckets should have event notifications enabled,aws_s3_bucket.access_logs,aws_s3_bucket.access_logs,aws_s3_bucket,/CTX-01/context_a/main.tf,CTX-01/context_a/main.tf,65,68,,,,OUT_OF_SCOPE,,S3 event notification control,,dev,low,low
f2ce31c90dd7c98f,ff42e442f6c379ba,CTX-01-A,CTX-01,context_a,AIG-00526,CKV2_AWS_62,Ensure S3 buckets should have event notifications enabled,aws_s3_bucket.main,aws_s3_bucket.main,aws_s3_bucket,/CTX-01/context_a/main.tf,CTX-01/context_a/main.tf,130,133,,,,OUT_OF_SCOPE,,S3 event notification control,,dev,low,low
566181b6468c870e,21af3a2e4428be0e,CTX-01-B,CTX-01,context_b,AIG-00526,CKV2_AWS_62,Ensure S3 buckets should have event notifications enabled,aws_s3_bucket.access_logs,aws_s3_bucket.access_logs,aws_s3_bucket,/CTX-01/context_b/main.tf,CTX-01/context_b/main.tf,65,68,,,,OUT_OF_SCOPE,,S3 event notification control,,prod,high,high
2c689207cb474359,bd2b4ad0a2c1414c,CTX-01-B,CTX-01,context_b,AIG-00526,CKV2_AWS_62,Ensure S3 buckets should have event notifications enabled,aws_s3_bucket.main,aws_s3_bucket.main,aws_s3_bucket,/CTX-01/context_b/main.tf,CTX-01/context_b/main.tf,130,133,,,,OUT_OF_SCOPE,,S3 event notification control,,prod,high,high
f940147a8e65b1ee,3750d39ecaa20337,CTX-02-A,CTX-02,context_a,AIG-01054,CKV2_AWS_62,Ensure S3 buckets should have event notifications enabled,aws_s3_bucket.this,aws_s3_bucket.this,aws_s3_bucket,/CTX-02/context_a/main.tf,CTX-02/context_a/main.tf,77,80,,,,OUT_OF_SCOPE,,S3 event notification control,,dev,low,low
785a340131025c05,fe97e665c0474b40,CTX-02-B,CTX-02,context_b,AIG-01054,CKV2_AWS_62,Ensure S3 buckets should have event notifications enabled,aws_s3_bucket.this,aws_s3_bucket.this,aws_s3_bucket,/CTX-02/context_b/main.tf,CTX-02/context_b/main.tf,77,80,,,,OUT_OF_SCOPE,,S3 event notification control,,prod,high,high
d2acc2e5da0a1119,385b47dfa09bb515,CTX-06-A,CTX-06,context_a,EXT-01,CKV2_AWS_62,Ensure S3 buckets should have event notifications enabled,aws_s3_bucket.target,aws_s3_bucket.target,aws_s3_bucket,/CTX-06/context_a/main.tf,CTX-06/context_a/main.tf,20,22,,,,OUT_OF_SCOPE,,S3 event notification control,,dev,low,low
2e0d21273875b263,9be6f8ba9f89251d,CTX-06-B,CTX-06,context_b,EXT-01,CKV2_AWS_62,Ensure S3 buckets should have event notifications enabled,aws_s3_bucket.target,aws_s3_bucket.target,aws_s3_bucket,/CTX-06/context_b/main.tf,CTX-06/context_b/main.tf,20,22,,,,OUT_OF_SCOPE,,S3 event notification control,,prod,high,high
6396ba5738ba79d7,293b7104025951ee,CTX-10-A,CTX-10,context_a,EXT-07,CKV2_AWS_62,Ensure S3 buckets should have event notifications enabled,aws_s3_bucket.logs,aws_s3_bucket.logs,aws_s3_bucket,/CTX-10/context_a/main.tf,CTX-10/context_a/main.tf,20,22,,,,OUT_OF_SCOPE,,S3 event notification control,,dev,low,low
e6daaabdc08baf99,cfdcfff6c3ae5f54,CTX-10-A,CTX-10,context_a,EXT-07,CKV2_AWS_62,Ensure S3 buckets should have event notifications enabled,aws_s3_bucket.target,aws_s3_bucket.target,aws_s3_bucket,/CTX-10/context_a/main.tf,CTX-10/context_a/main.tf,24,26,,,,OUT_OF_SCOPE,,S3 event notification control,,dev,low,low
18e6fb1ca232ef94,d14fbc1d8f600454,CTX-10-B,CTX-10,context_b,EXT-07,CKV2_AWS_62,Ensure S3 buckets should have event notifications enabled,aws_s3_bucket.logs,aws_s3_bucket.logs,aws_s3_bucket,/CTX-10/context_b/main.tf,CTX-10/context_b/main.tf,20,22,,,,OUT_OF_SCOPE,,S3 event notification control,,prod,high,high
03e2789ba9e134fe,0d5b9a66d3cc4ecb,CTX-10-B,CTX-10,context_b,EXT-07,CKV2_AWS_62,Ensure S3 buckets should have event notifications enabled,aws_s3_bucket.target,aws_s3_bucket.target,aws_s3_bucket,/CTX-10/context_b/main.tf,CTX-10/context_b/main.tf,24,26,,,,OUT_OF_SCOPE,,S3 event notification control,,prod,high,high
186d5a6e16a83c87,0c086795d5ea5677,CTX-03-A,CTX-03,context_a,AIG-02626,CKV2_AWS_11,Ensure VPC flow logging is enabled in all VPCs,aws_vpc.main,aws_vpc.main,aws_vpc,/CTX-03/context_a/main.tf,CTX-03/context_a/main.tf,14,22,,MEDIUM,2,IN_SCOPE,CAT-08,VPC flow logging is a logging control and falls under Missing encryption / logging.,Missing VPC flow logging control,dev,low,low
37b7203fc44dd498,fbacbbcd21277ad5,CTX-03-B,CTX-03,context_b,AIG-02626,CKV2_AWS_11,Ensure VPC flow logging is enabled in all VPCs,aws_vpc.main,aws_vpc.main,aws_vpc,/CTX-03/context_b/main.tf,CTX-03/context_b/main.tf,14,22,,MEDIUM,2,IN_SCOPE,CAT-08,VPC flow logging is a logging control and falls under Missing encryption / logging.,Missing VPC flow logging control,prod,high,high
2d00c246b11ce1d1,979767190a7cdd7b,CTX-04-A,CTX-04,context_a,AIG-03130,CKV2_AWS_11,Ensure VPC flow logging is enabled in all VPCs,aws_vpc.main,aws_vpc.main,aws_vpc,/CTX-04/context_a/main.tf,CTX-04/context_a/main.tf,5,7,,MEDIUM,2,IN_SCOPE,CAT-08,VPC flow logging is a logging control and falls under Missing encryption / logging.,Missing VPC flow logging control,dev,low,low
e3cfc847b6820230,6085077ea6a494db,CTX-04-B,CTX-04,context_b,AIG-03130,CKV2_AWS_11,Ensure VPC flow logging is enabled in all VPCs,aws_vpc.main,aws_vpc.main,aws_vpc,/CTX-04/context_b/main.tf,CTX-04/context_b/main.tf,5,7,,MEDIUM,2,IN_SCOPE,CAT-08,VPC flow logging is a logging control and falls under Missing encryption / logging.,Missing VPC flow logging control,prod,high,high
381b1eaf8c8024c9,1f16810e2f6d99c5,CTX-09-A,CTX-09,context_a,EXT-05,CKV2_AWS_11,Ensure VPC flow logging is enabled in all VPCs,aws_vpc.target,aws_vpc.target,aws_vpc,/CTX-09/context_a/main.tf,CTX-09/context_a/main.tf,24,26,,MEDIUM,2,IN_SCOPE,CAT-08,VPC flow logging is a logging control and falls under Missing encryption / logging.,Missing VPC flow logging control,dev,low,low
75efbfda2dec9d94,9771de2afa844486,CTX-09-B,CTX-09,context_b,EXT-05,CKV2_AWS_11,Ensure VPC flow logging is enabled in all VPCs,aws_vpc.target,aws_vpc.target,aws_vpc,/CTX-09/context_b/main.tf,CTX-09/context_b/main.tf,24,26,,MEDIUM,2,IN_SCOPE,CAT-08,VPC flow logging is a logging control and falls under Missing encryption / logging.,Missing VPC flow logging control,prod,high,high
6198e145e563222c,d3c9f7d0427c86c3,CTX-01-A,CTX-01,context_a,AIG-00526,CKV2_AWS_64,Ensure KMS key Policy is defined,aws_kms_key.s3_access_logs_key,aws_kms_key.s3_access_logs_key,aws_kms_key,/CTX-01/context_a/main.tf,CTX-01/context_a/main.tf,46,51,,,,OUT_OF_SCOPE,,"KMS key policy definition is a key-policy governance control, not the predefined encryption-control category.",,dev,low,low
06e1ed287ba6fd0c,16163ac6b892d4b9,CTX-01-A,CTX-01,context_a,AIG-00526,CKV2_AWS_64,Ensure KMS key Policy is defined,aws_kms_key.s3_main_key,aws_kms_key.s3_main_key,aws_kms_key,/CTX-01/context_a/main.tf,CTX-01/context_a/main.tf,53,58,,,,OUT_OF_SCOPE,,"KMS key policy definition is a key-policy governance control, not the predefined encryption-control category.",,dev,low,low
4ca3710a3d741513,c4bc0f2e40a441d8,CTX-01-B,CTX-01,context_b,AIG-00526,CKV2_AWS_64,Ensure KMS key Policy is defined,aws_kms_key.s3_access_logs_key,aws_kms_key.s3_access_logs_key,aws_kms_key,/CTX-01/context_b/main.tf,CTX-01/context_b/main.tf,46,51,,,,OUT_OF_SCOPE,,"KMS key policy definition is a key-policy governance control, not the predefined encryption-control category.",,prod,high,high
f01c95ace4f7219e,dbd013d39f72a787,CTX-01-B,CTX-01,context_b,AIG-00526,CKV2_AWS_64,Ensure KMS key Policy is defined,aws_kms_key.s3_main_key,aws_kms_key.s3_main_key,aws_kms_key,/CTX-01/context_b/main.tf,CTX-01/context_b/main.tf,53,58,,,,OUT_OF_SCOPE,,"KMS key policy definition is a key-policy governance control, not the predefined encryption-control category.",,prod,high,high
3436480769cb71b4,609726ff6b123074,CTX-08-A,CTX-08,context_a,EXT-04,CKV2_AWS_64,Ensure KMS key Policy is defined,aws_kms_key.target,aws_kms_key.target,aws_kms_key,/CTX-08/context_a/main.tf,CTX-08/context_a/main.tf,20,24,,,,OUT_OF_SCOPE,,"KMS key policy definition is a key-policy governance control, not the predefined encryption-control category.",,dev,low,low
16bab946183bf3ba,5530f3471d2e8293,CTX-08-B,CTX-08,context_b,EXT-04,CKV2_AWS_64,Ensure KMS key Policy is defined,aws_kms_key.target,aws_kms_key.target,aws_kms_key,/CTX-08/context_b/main.tf,CTX-08/context_b/main.tf,20,24,,,,OUT_OF_SCOPE,,"KMS key policy definition is a key-policy governance control, not the predefined encryption-control category.",,prod,high,high
20bc0cb9ed3951f9,92933b1353821a99,CTX-03-A,CTX-03,context_a,AIG-02626,CKV2_AWS_12,Ensure the default security group of every VPC restricts all traffic,aws_vpc.main,aws_vpc.main,aws_vpc,/CTX-03/context_a/main.tf,CTX-03/context_a/main.tf,14,22,,,,OUT_OF_SCOPE,,Default security-group hardening is broader than the predefined Security Group 0.0.0.0/0 category.,,dev,low,low
aaf6ea936e0a115d,6402e86f48f1397a,CTX-03-B,CTX-03,context_b,AIG-02626,CKV2_AWS_12,Ensure the default security group of every VPC restricts all traffic,aws_vpc.main,aws_vpc.main,aws_vpc,/CTX-03/context_b/main.tf,CTX-03/context_b/main.tf,14,22,,,,OUT_OF_SCOPE,,Default security-group hardening is broader than the predefined Security Group 0.0.0.0/0 category.,,prod,high,high
c8ac570ab9144a7c,0695cf04ca590232,CTX-04-A,CTX-04,context_a,AIG-03130,CKV2_AWS_12,Ensure the default security group of every VPC restricts all traffic,aws_vpc.main,aws_vpc.main,aws_vpc,/CTX-04/context_a/main.tf,CTX-04/context_a/main.tf,5,7,,,,OUT_OF_SCOPE,,Default security-group hardening is broader than the predefined Security Group 0.0.0.0/0 category.,,dev,low,low
6400a39ab8dcb802,c473c2b5535ac660,CTX-04-B,CTX-04,context_b,AIG-03130,CKV2_AWS_12,Ensure the default security group of every VPC restricts all traffic,aws_vpc.main,aws_vpc.main,aws_vpc,/CTX-04/context_b/main.tf,CTX-04/context_b/main.tf,5,7,,,,OUT_OF_SCOPE,,Default security-group hardening is broader than the predefined Security Group 0.0.0.0/0 category.,,prod,high,high
dc0cba6ab0143804,56de22cd2b0c111f,CTX-09-A,CTX-09,context_a,EXT-05,CKV2_AWS_12,Ensure the default security group of every VPC restricts all traffic,aws_vpc.target,aws_vpc.target,aws_vpc,/CTX-09/context_a/main.tf,CTX-09/context_a/main.tf,24,26,,,,OUT_OF_SCOPE,,Default security-group hardening is broader than the predefined Security Group 0.0.0.0/0 category.,,dev,low,low
07283d70a52a05e7,02d65e4b82d7f47c,CTX-09-B,CTX-09,context_b,EXT-05,CKV2_AWS_12,Ensure the default security group of every VPC restricts all traffic,aws_vpc.target,aws_vpc.target,aws_vpc,/CTX-09/context_b/main.tf,CTX-09/context_b/main.tf,24,26,,,,OUT_OF_SCOPE,,Default security-group hardening is broader than the predefined Security Group 0.0.0.0/0 category.,,prod,high,high
e080d1cdb989c148,7b59e1e3a52f08fc,CTX-06-A,CTX-06,context_a,EXT-01,CKV2_AWS_6,Ensure that S3 bucket has a Public Access block,aws_s3_bucket.target,aws_s3_bucket.target,aws_s3_bucket,/CTX-06/context_a/main.tf,CTX-06/context_a/main.tf,20,22,,,,OUT_OF_SCOPE,,"S3 public-access-block control, not direct public exposure",,dev,low,low
aede715355eed3cc,2c4453a7536e51bb,CTX-06-B,CTX-06,context_b,EXT-01,CKV2_AWS_6,Ensure that S3 bucket has a Public Access block,aws_s3_bucket.target,aws_s3_bucket.target,aws_s3_bucket,/CTX-06/context_b/main.tf,CTX-06/context_b/main.tf,20,22,,,,OUT_OF_SCOPE,,"S3 public-access-block control, not direct public exposure",,prod,high,high
6f0740c07f454ac8,0f9325a67fe6fa48,CTX-10-A,CTX-10,context_a,EXT-07,CKV2_AWS_6,Ensure that S3 bucket has a Public Access block,aws_s3_bucket.logs,aws_s3_bucket.logs,aws_s3_bucket,/CTX-10/context_a/main.tf,CTX-10/context_a/main.tf,20,22,,,,OUT_OF_SCOPE,,"S3 public-access-block control, not direct public exposure",,dev,low,low
5d4a598180b0160b,484766021ac47db8,CTX-10-A,CTX-10,context_a,EXT-07,CKV2_AWS_6,Ensure that S3 bucket has a Public Access block,aws_s3_bucket.target,aws_s3_bucket.target,aws_s3_bucket,/CTX-10/context_a/main.tf,CTX-10/context_a/main.tf,24,26,,,,OUT_OF_SCOPE,,"S3 public-access-block control, not direct public exposure",,dev,low,low
2f74186dd276f386,aedbdbbc5713aa71,CTX-10-B,CTX-10,context_b,EXT-07,CKV2_AWS_6,Ensure that S3 bucket has a Public Access block,aws_s3_bucket.logs,aws_s3_bucket.logs,aws_s3_bucket,/CTX-10/context_b/main.tf,CTX-10/context_b/main.tf,20,22,,,,OUT_OF_SCOPE,,"S3 public-access-block control, not direct public exposure",,prod,high,high
2bba07ebd521b9fd,abe19e56a0cff0ce,CTX-10-B,CTX-10,context_b,EXT-07,CKV2_AWS_6,Ensure that S3 bucket has a Public Access block,aws_s3_bucket.target,aws_s3_bucket.target,aws_s3_bucket,/CTX-10/context_b/main.tf,CTX-10/context_b/main.tf,24,26,,,,OUT_OF_SCOPE,,"S3 public-access-block control, not direct public exposure",,prod,high,high
b8a0c501b0eff98e,3c8a5e604ac41e37,CTX-06-A,CTX-06,context_a,EXT-01,CKV_AWS_21,Ensure all data stored in the S3 bucket have versioning enabled,aws_s3_bucket.target,aws_s3_bucket.target,aws_s3_bucket,/CTX-06/context_a/main.tf,CTX-06/context_a/main.tf,20,22,,,,OUT_OF_SCOPE,,S3 versioning control,,dev,low,low
61e3b5fdbaba5b84,4916532a3eecab3e,CTX-06-B,CTX-06,context_b,EXT-01,CKV_AWS_21,Ensure all data stored in the S3 bucket have versioning enabled,aws_s3_bucket.target,aws_s3_bucket.target,aws_s3_bucket,/CTX-06/context_b/main.tf,CTX-06/context_b/main.tf,20,22,,,,OUT_OF_SCOPE,,S3 versioning control,,prod,high,high
c8253de794ad00b7,72f70bc7ecd300fa,CTX-10-A,CTX-10,context_a,EXT-07,CKV_AWS_21,Ensure all data stored in the S3 bucket have versioning enabled,aws_s3_bucket.logs,aws_s3_bucket.logs,aws_s3_bucket,/CTX-10/context_a/main.tf,CTX-10/context_a/main.tf,20,22,,,,OUT_OF_SCOPE,,S3 versioning control,,dev,low,low
ee8847c760c7386d,2bea10de17df584e,CTX-10-A,CTX-10,context_a,EXT-07,CKV_AWS_21,Ensure all data stored in the S3 bucket have versioning enabled,aws_s3_bucket.target,aws_s3_bucket.target,aws_s3_bucket,/CTX-10/context_a/main.tf,CTX-10/context_a/main.tf,24,26,,,,OUT_OF_SCOPE,,S3 versioning control,,dev,low,low
b725a8cd6146cf00,4c0e218becda7b22,CTX-10-B,CTX-10,context_b,EXT-07,CKV_AWS_21,Ensure all data stored in the S3 bucket have versioning enabled,aws_s3_bucket.logs,aws_s3_bucket.logs,aws_s3_bucket,/CTX-10/context_b/main.tf,CTX-10/context_b/main.tf,20,22,,,,OUT_OF_SCOPE,,S3 versioning control,,prod,high,high
4c4c902ff6cadc54,475c9dff3e652eda,CTX-10-B,CTX-10,context_b,EXT-07,CKV_AWS_21,Ensure all data stored in the S3 bucket have versioning enabled,aws_s3_bucket.target,aws_s3_bucket.target,aws_s3_bucket,/CTX-10/context_b/main.tf,CTX-10/context_b/main.tf,24,26,,,,OUT_OF_SCOPE,,S3 versioning control,,prod,high,high
20686c0dfc2b44a5,1a02eefdc983c933,CTX-01-A,CTX-01,context_a,AIG-00526,CKV_AWS_144,Ensure that S3 bucket has cross-region replication enabled,aws_s3_bucket.access_logs,aws_s3_bucket.access_logs,aws_s3_bucket,/CTX-01/context_a/main.tf,CTX-01/context_a/main.tf,65,68,,,,OUT_OF_SCOPE,,S3 cross-region replication control,,dev,low,low
54b7a46eaca80108,02d9fd57cf2ed0fd,CTX-01-A,CTX-01,context_a,AIG-00526,CKV_AWS_144,Ensure that S3 bucket has cross-region replication enabled,aws_s3_bucket.main,aws_s3_bucket.main,aws_s3_bucket,/CTX-01/context_a/main.tf,CTX-01/context_a/main.tf,130,133,,,,OUT_OF_SCOPE,,S3 cross-region replication control,,dev,low,low
e6e235f8b5515cf2,99514d807d0b6e82,CTX-01-B,CTX-01,context_b,AIG-00526,CKV_AWS_144,Ensure that S3 bucket has cross-region replication enabled,aws_s3_bucket.access_logs,aws_s3_bucket.access_logs,aws_s3_bucket,/CTX-01/context_b/main.tf,CTX-01/context_b/main.tf,65,68,,,,OUT_OF_SCOPE,,S3 cross-region replication control,,prod,high,high
3a4132722a5ef527,edaa23ac9c29d3ad,CTX-01-B,CTX-01,context_b,AIG-00526,CKV_AWS_144,Ensure that S3 bucket has cross-region replication enabled,aws_s3_bucket.main,aws_s3_bucket.main,aws_s3_bucket,/CTX-01/context_b/main.tf,CTX-01/context_b/main.tf,130,133,,,,OUT_OF_SCOPE,,S3 cross-region replication control,,prod,high,high
0c94cac47d17f6ec,c2eb3ddc11bf85c2,CTX-02-A,CTX-02,context_a,AIG-01054,CKV_AWS_144,Ensure that S3 bucket has cross-region replication enabled,aws_s3_bucket.this,aws_s3_bucket.this,aws_s3_bucket,/CTX-02/context_a/main.tf,CTX-02/context_a/main.tf,77,80,,,,OUT_OF_SCOPE,,S3 cross-region replication control,,dev,low,low
a8fe761f3072abe6,39bf2d5449030c54,CTX-02-B,CTX-02,context_b,AIG-01054,CKV_AWS_144,Ensure that S3 bucket has cross-region replication enabled,aws_s3_bucket.this,aws_s3_bucket.this,aws_s3_bucket,/CTX-02/context_b/main.tf,CTX-02/context_b/main.tf,77,80,,,,OUT_OF_SCOPE,,S3 cross-region replication control,,prod,high,high
14d3e009561ea5bc,d1a94b462b93b8a0,CTX-06-A,CTX-06,context_a,EXT-01,CKV_AWS_144,Ensure that S3 bucket has cross-region replication enabled,aws_s3_bucket.target,aws_s3_bucket.target,aws_s3_bucket,/CTX-06/context_a/main.tf,CTX-06/context_a/main.tf,20,22,,,,OUT_OF_SCOPE,,S3 cross-region replication control,,dev,low,low
0152625b1fef81df,737c43e4d988e247,CTX-06-B,CTX-06,context_b,EXT-01,CKV_AWS_144,Ensure that S3 bucket has cross-region replication enabled,aws_s3_bucket.target,aws_s3_bucket.target,aws_s3_bucket,/CTX-06/context_b/main.tf,CTX-06/context_b/main.tf,20,22,,,,OUT_OF_SCOPE,,S3 cross-region replication control,,prod,high,high
38690fe667ba08be,9338cacf41815034,CTX-10-A,CTX-10,context_a,EXT-07,CKV_AWS_144,Ensure that S3 bucket has cross-region replication enabled,aws_s3_bucket.logs,aws_s3_bucket.logs,aws_s3_bucket,/CTX-10/context_a/main.tf,CTX-10/context_a/main.tf,20,22,,,,OUT_OF_SCOPE,,S3 cross-region replication control,,dev,low,low
55783e4b8f1359d6,373c69302dfe1f9d,CTX-10-A,CTX-10,context_a,EXT-07,CKV_AWS_144,Ensure that S3 bucket has cross-region replication enabled,aws_s3_bucket.target,aws_s3_bucket.target,aws_s3_bucket,/CTX-10/context_a/main.tf,CTX-10/context_a/main.tf,24,26,,,,OUT_OF_SCOPE,,S3 cross-region replication control,,dev,low,low
52db39ab4b029e4b,fb8b49aee3172943,CTX-10-B,CTX-10,context_b,EXT-07,CKV_AWS_144,Ensure that S3 bucket has cross-region replication enabled,aws_s3_bucket.logs,aws_s3_bucket.logs,aws_s3_bucket,/CTX-10/context_b/main.tf,CTX-10/context_b/main.tf,20,22,,,,OUT_OF_SCOPE,,S3 cross-region replication control,,prod,high,high
99fd43441dce2d22,daad559a805ab91f,CTX-10-B,CTX-10,context_b,EXT-07,CKV_AWS_144,Ensure that S3 bucket has cross-region replication enabled,aws_s3_bucket.target,aws_s3_bucket.target,aws_s3_bucket,/CTX-10/context_b/main.tf,CTX-10/context_b/main.tf,24,26,,,,OUT_OF_SCOPE,,S3 cross-region replication control,,prod,high,high
5d1cfba8d38725b9,072a734d5f3fea9e,CTX-06-A,CTX-06,context_a,EXT-01,CKV_AWS_145,Ensure that S3 buckets are encrypted with KMS by default,aws_s3_bucket.target,aws_s3_bucket.target,aws_s3_bucket,/CTX-06/context_a/main.tf,CTX-06/context_a/main.tf,20,22,,MEDIUM,2,IN_SCOPE,CAT-08,S3 encryption control,Missing S3 KMS encryption control,dev,low,low
f797a4ecad7ca78a,2792afa048e581a0,CTX-06-B,CTX-06,context_b,EXT-01,CKV_AWS_145,Ensure that S3 buckets are encrypted with KMS by default,aws_s3_bucket.target,aws_s3_bucket.target,aws_s3_bucket,/CTX-06/context_b/main.tf,CTX-06/context_b/main.tf,20,22,,MEDIUM,2,IN_SCOPE,CAT-08,S3 encryption control,Missing S3 KMS encryption control,prod,high,high
8fa1af67ec347787,4d1462a913d9ffdf,CTX-10-A,CTX-10,context_a,EXT-07,CKV_AWS_145,Ensure that S3 buckets are encrypted with KMS by default,aws_s3_bucket.logs,aws_s3_bucket.logs,aws_s3_bucket,/CTX-10/context_a/main.tf,CTX-10/context_a/main.tf,20,22,,MEDIUM,2,IN_SCOPE,CAT-08,S3 encryption control,Missing S3 KMS encryption control,dev,low,low
dfd17e80191e2509,e71963c2c8d357cd,CTX-10-A,CTX-10,context_a,EXT-07,CKV_AWS_145,Ensure that S3 buckets are encrypted with KMS by default,aws_s3_bucket.target,aws_s3_bucket.target,aws_s3_bucket,/CTX-10/context_a/main.tf,CTX-10/context_a/main.tf,24,26,,MEDIUM,2,IN_SCOPE,CAT-08,S3 encryption control,Missing S3 KMS encryption control,dev,low,low
bfc7a8354de3061b,542e6e00d9a5d565,CTX-10-B,CTX-10,context_b,EXT-07,CKV_AWS_145,Ensure that S3 buckets are encrypted with KMS by default,aws_s3_bucket.logs,aws_s3_bucket.logs,aws_s3_bucket,/CTX-10/context_b/main.tf,CTX-10/context_b/main.tf,20,22,,MEDIUM,2,IN_SCOPE,CAT-08,S3 encryption control,Missing S3 KMS encryption control,prod,high,high
cc354722b85e08af,ce8ea4a83ed96f9d,CTX-10-B,CTX-10,context_b,EXT-07,CKV_AWS_145,Ensure that S3 buckets are encrypted with KMS by default,aws_s3_bucket.target,aws_s3_bucket.target,aws_s3_bucket,/CTX-10/context_b/main.tf,CTX-10/context_b/main.tf,24,26,,MEDIUM,2,IN_SCOPE,CAT-08,S3 encryption control,Missing S3 KMS encryption control,prod,high,high
