check_id,internet_exposure,reachability,privilege_impact,resource_role,public_access,wildcard_action,wildcard_resource,encryption_missing,logging_missing
CKV_AWS_130,True,True,False,True,True,False,False,False,False
CKV_AWS_382,False,True,False,True,False,False,False,False,False
CKV_AWS_260,True,True,False,True,True,False,False,False,False
CKV_AWS_38,True,True,False,True,True,False,False,False,False
CKV2_AWS_6,False,False,False,True,True,False,False,False,False
CKV_AWS_145,False,False,False,True,False,False,False,True,False
CKV_AWS_355,False,False,True,True,False,False,True,False,False
CKV_AWS_290,False,False,True,True,False,True,True,False,False
CKV_AWS_117,False,False,False,True,False,False,False,False,False
CKV2_AWS_11,False,False,False,True,False,False,False,False,True
