"candidate_id","raw_json_path","size_bytes","sha256"
"complex__claude-opus-4-6__complex-aws-tf-002","results/security_scans/checkov/geniac_tier_a/raw/complex__claude-opus-4-6__complex-aws-tf-002.json","130478","faef929e3cb68f7a02180c2785ad7d40391e7a262aa595929bcc3f1a9f6cb25c"
"complex__claude-opus-4-6__complex-aws-tf-006","results/security_scans/checkov/geniac_tier_a/raw/complex__claude-opus-4-6__complex-aws-tf-006.json","744171","f628ee10fa8314635f8d589b8bc8e7e83fa254f070ad7c771f0b4ff01e61775a"
"complex__claude-opus-4-6__complex-aws-tf-007","results/security_scans/checkov/geniac_tier_a/raw/complex__claude-opus-4-6__complex-aws-tf-007.json","212103","6bec81d207fb9ea2ba1cfabf6538b3f2ae20706ba3f347e8bf0fa18eba963f42"
"complex__claude-opus-4-6-cot__complex-aws-tf-002","results/security_scans/checkov/geniac_tier_a/raw/complex__claude-opus-4-6-cot__complex-aws-tf-002.json","142365","2f2d0f7660066537c98550bce15c3e96717dc90002c70cb81bad8645ed31911a"
"complex__claude-opus-4-6-cot__complex-aws-tf-006","results/security_scans/checkov/geniac_tier_a/raw/complex__claude-opus-4-6-cot__complex-aws-tf-006.json","752869","95b2f258b878abf672ef76791494d7d25ea824f735a75aa32a6eb507631eb76c"
"complex__claude-opus-4-6-cot__complex-aws-tf-007","results/security_scans/checkov/geniac_tier_a/raw/complex__claude-opus-4-6-cot__complex-aws-tf-007.json","435055","bd2fa32f8d0a1844b802dc247d2cdebe86b85c34835449aae07b2e9f70faa426"
"complex__claude-opus-4-6-cot__complex-aws-tf-010","results/security_scans/checkov/geniac_tier_a/raw/complex__claude-opus-4-6-cot__complex-aws-tf-010.json","765741","50421a41abefa91ea95662def12b199d18c2fffeadac423c72a03093bcbb769e"
"complex__claude-opus-4-6-thinking__complex-aws-tf-007","results/security_scans/checkov/geniac_tier_a/raw/complex__claude-opus-4-6-thinking__complex-aws-tf-007.json","450008","e02f1899c8ee395340b4ea9c5299ec68f4c8f25f09f3d5cfaf761fde26e28d13"
"complex__claude-opus-4-6-thinking__complex-aws-tf-008","results/security_scans/checkov/geniac_tier_a/raw/complex__claude-opus-4-6-thinking__complex-aws-tf-008.json","221679","cce13d027ebcc695b056060c0ec2ac5db7ab2243a4df761b7ab9a438f8abe2b9"
"complex__claude-opus-4-6-thinking__complex-aws-tf-010","results/security_scans/checkov/geniac_tier_a/raw/complex__claude-opus-4-6-thinking__complex-aws-tf-010.json","687155","19ebb43c5bdecadb2c2d7169aa9b8a2974cc196bcabb9d73e02eade91b0efc10"
"complex__claude-sonnet-4-6__complex-aws-tf-001","results/security_scans/checkov/geniac_tier_a/raw/complex__claude-sonnet-4-6__complex-aws-tf-001.json","318380","46c4dd54cd61de345f1900583f49bc2f136ac00beddfcac1fa3997a7fe90ba07"
"complex__claude-sonnet-4-6__complex-aws-tf-006","results/security_scans/checkov/geniac_tier_a/raw/complex__claude-sonnet-4-6__complex-aws-tf-006.json","1006028","7ad683740baa3db2851e25b9bfef0003c82ff27dd2d7666dc730765d0b32200c"
"complex__gemini-3.1-pro__complex-aws-tf-007","results/security_scans/checkov/geniac_tier_a/raw/complex__gemini-3.1-pro__complex-aws-tf-007.json","135694","eb8b7c810f1c4ceb3535ed0d812fb1670ebf7d9037081b9ba417f86bba300f60"
"complex__gemini-3.1-pro__complex-aws-tf-010","results/security_scans/checkov/geniac_tier_a/raw/complex__gemini-3.1-pro__complex-aws-tf-010.json","371790","7da155dfed2008d4bb09b6f8715ea07993e0f97ebfdad213c93d52e964433445"
"complex__gemini-3.7-flash__complex-aws-tf-001","results/security_scans/checkov/geniac_tier_a/raw/complex__gemini-3.7-flash__complex-aws-tf-001.json","114351","72b63f574cfa4fc95df7e46153be627dbc17050555d2d3bdbe704294a891a7ed"
"complex__gemini-3.7-flash__complex-aws-tf-002","results/security_scans/checkov/geniac_tier_a/raw/complex__gemini-3.7-flash__complex-aws-tf-002.json","112226","84af7501b2e0ff670a3b0a48c7d7a1a7e4b4c97ef4d72b2675d72a9d289ee736"
"complex__gemini-3.7-flash__complex-aws-tf-010","results/security_scans/checkov/geniac_tier_a/raw/complex__gemini-3.7-flash__complex-aws-tf-010.json","570003","05a5802c59c1fdcc5dc1bf97dea20b89ae16776e45fa5feb0de5ce860f20448b"
"complex__gpt-5__complex-aws-tf-001","results/security_scans/checkov/geniac_tier_a/raw/complex__gpt-5__complex-aws-tf-001.json","368053","411d3cc16324169e619e9bf49d729991f609dbf2ab48bf49ebb64de326ee1711"
"simple__claude-opus-4-6__aws-tf-001","results/security_scans/checkov/geniac_tier_a/raw/simple__claude-opus-4-6__aws-tf-001.json","49293","ff27023b71c77f4d52dd9b55b79cbac2f178b9dbff935b6f36f0811eabb014a2"
"simple__claude-opus-4-6__aws-tf-002","results/security_scans/checkov/geniac_tier_a/raw/simple__claude-opus-4-6__aws-tf-002.json","17372","159685ed6e22771f4b62ff4c3a53cbd4ba1bd2314e370ad1230ffbc729697609"
"simple__claude-opus-4-6__aws-tf-003","results/security_scans/checkov/geniac_tier_a/raw/simple__claude-opus-4-6__aws-tf-003.json","49958","73681372f71dd85f33478b84cbb5701d03e5fd0ab90ba41b6f8e7589acf92deb"
"simple__claude-opus-4-6__aws-tf-004","results/security_scans/checkov/geniac_tier_a/raw/simple__claude-opus-4-6__aws-tf-004.json","90659","de6123b7b056ce066759fee119a6aaddb656f9cb2cd2bf82f55fd47b361ad66a"
"simple__claude-opus-4-6__aws-tf-005","results/security_scans/checkov/geniac_tier_a/raw/simple__claude-opus-4-6__aws-tf-005.json","131365","d55d8de3afd183007f04a054f5b4eb150affaf97e70845eca095f0461dc7d4ce"
"simple__claude-opus-4-6__aws-tf-006","results/security_scans/checkov/geniac_tier_a/raw/simple__claude-opus-4-6__aws-tf-006.json","13958","9a423701ea22f71abaf39b333889ef89e7634e6131dfae02f69509761c4a3d2b"
"simple__claude-opus-4-6__aws-tf-007","results/security_scans/checkov/geniac_tier_a/raw/simple__claude-opus-4-6__aws-tf-007.json","3297","be0444f27ef18788b34da91b8a672d7eb874287dff6a78dc656d2f6f6ad6888c"
"simple__claude-opus-4-6__aws-tf-008","results/security_scans/checkov/geniac_tier_a/raw/simple__claude-opus-4-6__aws-tf-008.json","35008","96d8161a718371992851d2de7faafd0138b1abe01a9846155c0f510cc1f4fff3"
"simple__claude-opus-4-6__aws-tf-009","results/security_scans/checkov/geniac_tier_a/raw/simple__claude-opus-4-6__aws-tf-009.json","35892","a2f002ddd35140ed4e6d09270ad608318536321af1796bbff1995da98bf86362"
"simple__claude-opus-4-6__aws-tf-010","results/security_scans/checkov/geniac_tier_a/raw/simple__claude-opus-4-6__aws-tf-010.json","35429","0dd8eefebc04c1edd3bd01f6842ab52c16248f3af043bdaa3ef3c09be94606e3"
"simple__claude-opus-4-6-cot__aws-tf-001","results/security_scans/checkov/geniac_tier_a/raw/simple__claude-opus-4-6-cot__aws-tf-001.json","57574","5245ff5df7e40cc595b16ae4fdac497e6960e8cdd3bc23b4cf16c762161e8ced"
"simple__claude-opus-4-6-cot__aws-tf-002","results/security_scans/checkov/geniac_tier_a/raw/simple__claude-opus-4-6-cot__aws-tf-002.json","29636","a8903230ff11d29f4d11dd776377cf54fa96b5d134d8be1a5a78a97c19b3d21c"
"simple__claude-opus-4-6-cot__aws-tf-003","results/security_scans/checkov/geniac_tier_a/raw/simple__claude-opus-4-6-cot__aws-tf-003.json","55217","cf604c27d7dd9d1b34019aa88fa64b1fb97a22fc2c6dffbb159fd246520834e7"
"simple__claude-opus-4-6-cot__aws-tf-004","results/security_scans/checkov/geniac_tier_a/raw/simple__claude-opus-4-6-cot__aws-tf-004.json","87772","2b222c23a97fd6c2dd2cfb33e542c3afede43fa5c2bc3fe0f52a654aef39c018"
"simple__claude-opus-4-6-cot__aws-tf-005","results/security_scans/checkov/geniac_tier_a/raw/simple__claude-opus-4-6-cot__aws-tf-005.json","134991","a75280ba7576c4f5faca1d99708e37f0316de605f1de1a85b980410de4d73bc6"
"simple__claude-opus-4-6-cot__aws-tf-006","results/security_scans/checkov/geniac_tier_a/raw/simple__claude-opus-4-6-cot__aws-tf-006.json","14985","28063a35a764ccbae97ecf6155fcc9d2b2bd751c630fcc38db03c9ae05e89a70"
"simple__claude-opus-4-6-cot__aws-tf-007","results/security_scans/checkov/geniac_tier_a/raw/simple__claude-opus-4-6-cot__aws-tf-007.json","3663","c4e2e50b03dd2c118432d6627d42c46f9a0930b4a0aec37e90daf87c92b3c973"
"simple__claude-opus-4-6-cot__aws-tf-008","results/security_scans/checkov/geniac_tier_a/raw/simple__claude-opus-4-6-cot__aws-tf-008.json","44528","bdf02ea609bb3be2ae89ad423bf615ab6e1e428a88965031696ba488e9e9b014"
"simple__claude-opus-4-6-cot__aws-tf-009","results/security_scans/checkov/geniac_tier_a/raw/simple__claude-opus-4-6-cot__aws-tf-009.json","11448","0d4136dd428fed59c99ae7873ef060dac95932042ad8a94ede3016a01ab05e4d"
"simple__claude-opus-4-6-cot__aws-tf-010","results/security_scans/checkov/geniac_tier_a/raw/simple__claude-opus-4-6-cot__aws-tf-010.json","46493","9b4c8adf484435d92febe230f79802e1663e1cd20c66ff295488c396731a326a"
"simple__claude-opus-4-6-thinking__aws-tf-001","results/security_scans/checkov/geniac_tier_a/raw/simple__claude-opus-4-6-thinking__aws-tf-001.json","47796","c4a8676f22b5aa4384f0116c6b1f80eaf45e5e53f5a48041dc70c818e8673e7a"
"simple__claude-opus-4-6-thinking__aws-tf-002","results/security_scans/checkov/geniac_tier_a/raw/simple__claude-opus-4-6-thinking__aws-tf-002.json","19368","f4e8849047a0e8e767e613cefbdc8bf1df4cff1729504c7133650de1cf56e685"
"simple__claude-opus-4-6-thinking__aws-tf-003","results/security_scans/checkov/geniac_tier_a/raw/simple__claude-opus-4-6-thinking__aws-tf-003.json","55458","02bd7b4c7c876d0922d6c579d84e38a87f29e3a1a6734dda921fc0c4c6ea3b28"
"simple__claude-opus-4-6-thinking__aws-tf-004","results/security_scans/checkov/geniac_tier_a/raw/simple__claude-opus-4-6-thinking__aws-tf-004.json","98099","7af217a9498370071d35d19d9c19e736243973453c918ecffdfed372f9394969"
"simple__claude-opus-4-6-thinking__aws-tf-005","results/security_scans/checkov/geniac_tier_a/raw/simple__claude-opus-4-6-thinking__aws-tf-005.json","138773","2ee9f31ece9317793d8c2c59ef984989d9a7bdaaba667bd052693e54a95db060"
"simple__claude-opus-4-6-thinking__aws-tf-006","results/security_scans/checkov/geniac_tier_a/raw/simple__claude-opus-4-6-thinking__aws-tf-006.json","14048","b5827c980d389e7a206c6233cf0d8d24af66c2ee950b1e172c3efc210ccbe85a"
"simple__claude-opus-4-6-thinking__aws-tf-007","results/security_scans/checkov/geniac_tier_a/raw/simple__claude-opus-4-6-thinking__aws-tf-007.json","3324","396f1a7760e7c36c1cb59e528e005322af41b10498d3e47ab3c02c928ecda4f4"
"simple__claude-opus-4-6-thinking__aws-tf-008","results/security_scans/checkov/geniac_tier_a/raw/simple__claude-opus-4-6-thinking__aws-tf-008.json","125166","505eb5e8781d24cbfe677f5da446cc6c2cc52ee2865eabd743d22603ee458085"
"simple__claude-opus-4-6-thinking__aws-tf-009","results/security_scans/checkov/geniac_tier_a/raw/simple__claude-opus-4-6-thinking__aws-tf-009.json","24588","47114841b1be9548a2dbb6168ae1a2076246b8279c14b2f0f6bcbd631814e0e7"
"simple__claude-opus-4-6-thinking__aws-tf-010","results/security_scans/checkov/geniac_tier_a/raw/simple__claude-opus-4-6-thinking__aws-tf-010.json","61367","7f8383f395a894be1d8f355d46c4c0da17f73e12d26ac99494cfad66523cc959"
"simple__claude-sonnet-4-6__aws-tf-001","results/security_scans/checkov/geniac_tier_a/raw/simple__claude-sonnet-4-6__aws-tf-001.json","36101","4341ceeab91ba07dbadaf3c442979389312e4ae6c8c45ac935a9ec8dfa26c476"
"simple__claude-sonnet-4-6__aws-tf-002","results/security_scans/checkov/geniac_tier_a/raw/simple__claude-sonnet-4-6__aws-tf-002.json","39806","f537ea0db95c1360536dde6fc43ee038dc4336ca600e9844bcdffd792f4739e9"
"simple__claude-sonnet-4-6__aws-tf-003","results/security_scans/checkov/geniac_tier_a/raw/simple__claude-sonnet-4-6__aws-tf-003.json","48062","b75c599ae28a7977722899bb605e38198453d99436807a93310956f34f6b7cfa"
"simple__claude-sonnet-4-6__aws-tf-004","results/security_scans/checkov/geniac_tier_a/raw/simple__claude-sonnet-4-6__aws-tf-004.json","131850","47547d8a9d873a698f69335a3594a4b0684775474bd17a394b0996bee9342e68"
"simple__claude-sonnet-4-6__aws-tf-005","results/security_scans/checkov/geniac_tier_a/raw/simple__claude-sonnet-4-6__aws-tf-005.json","133985","661577e6cb3a2c9b81d269bcde2d3430956522191df494b3e7b245e815620447"
"simple__claude-sonnet-4-6__aws-tf-006","results/security_scans/checkov/geniac_tier_a/raw/simple__claude-sonnet-4-6__aws-tf-006.json","11522","7d9ad2e5d2e8fe59bf4625a1db4f32f4aa4c3ce6dbf3b5b2611c2957c8fdb79f"
"simple__claude-sonnet-4-6__aws-tf-007","results/security_scans/checkov/geniac_tier_a/raw/simple__claude-sonnet-4-6__aws-tf-007.json","6451","294754b1b0a8e92bbe170c9d1aa290e72c446613ebad3c317bf5960e8f084b1b"
"simple__claude-sonnet-4-6__aws-tf-009","results/security_scans/checkov/geniac_tier_a/raw/simple__claude-sonnet-4-6__aws-tf-009.json","25812","785dba6d734320f8b3275f9624fb5902fb1126dc4dead981bb24145089d17038"
"simple__claude-sonnet-4-6__aws-tf-010","results/security_scans/checkov/geniac_tier_a/raw/simple__claude-sonnet-4-6__aws-tf-010.json","81599","be02a250442e862d06afe97d573afacc55ca19126fd701e23443586827f5f300"
"simple__gemini-3.1-pro__aws-tf-001","results/security_scans/checkov/geniac_tier_a/raw/simple__gemini-3.1-pro__aws-tf-001.json","29630","21580e844c67a212f4ec48d3d195886ea80a8605843331e29c91b09ad42dc340"
"simple__gemini-3.1-pro__aws-tf-002","results/security_scans/checkov/geniac_tier_a/raw/simple__gemini-3.1-pro__aws-tf-002.json","22240","131011a84ea53a126b1f1b5f4ae654ab70f58e0cf9a5eceb070c08cffe88e378"
"simple__gemini-3.1-pro__aws-tf-003","results/security_scans/checkov/geniac_tier_a/raw/simple__gemini-3.1-pro__aws-tf-003.json","42077","59232da503933ccae67670442a27dc6597f10bace6c1edf841a2924704282cdd"
"simple__gemini-3.1-pro__aws-tf-004","results/security_scans/checkov/geniac_tier_a/raw/simple__gemini-3.1-pro__aws-tf-004.json","87128","c8b379dfdebc778565704e05169c44832e808d7f8df29198f72d249a7e7919b9"
"simple__gemini-3.1-pro__aws-tf-005","results/security_scans/checkov/geniac_tier_a/raw/simple__gemini-3.1-pro__aws-tf-005.json","97209","530b67a0162cd4b793fa9cd48920dbc4226821143eb74ae288637b323c0445f1"
"simple__gemini-3.1-pro__aws-tf-006","results/security_scans/checkov/geniac_tier_a/raw/simple__gemini-3.1-pro__aws-tf-006.json","12045","acedad7c67949c24964b86b601583d8b6c4d9c87faefa4a9e0fa396b62c4cd7c"
"simple__gemini-3.1-pro__aws-tf-007","results/security_scans/checkov/geniac_tier_a/raw/simple__gemini-3.1-pro__aws-tf-007.json","3272","769f72127ee9d1c976767883cd2108991574988764fe9db76f7dee771e56c9d4"
"simple__gemini-3.1-pro__aws-tf-008","results/security_scans/checkov/geniac_tier_a/raw/simple__gemini-3.1-pro__aws-tf-008.json","24841","20b7bef110a84e9798cc3c884ff52323b67059f744e0b1400dcb11fc5417bf28"
"simple__gemini-3.1-pro__aws-tf-009","results/security_scans/checkov/geniac_tier_a/raw/simple__gemini-3.1-pro__aws-tf-009.json","14304","04ddebd59bbaf96bc811b043913e4e26faeae6d90006371620441f0972b08d13"
"simple__gemini-3.1-pro__aws-tf-010","results/security_scans/checkov/geniac_tier_a/raw/simple__gemini-3.1-pro__aws-tf-010.json","11651","8788f99ee23f690e7fd18e6c86a609ca0d1072eba45e2bb6dbbebd8a87941e6c"
"simple__gemini-3.7-flash__aws-tf-001","results/security_scans/checkov/geniac_tier_a/raw/simple__gemini-3.7-flash__aws-tf-001.json","33860","e44b4638ad2b866e9f23ded95e16488c0cc33123f809ef9ea4d9c777d4079fa6"
"simple__gemini-3.7-flash__aws-tf-002","results/security_scans/checkov/geniac_tier_a/raw/simple__gemini-3.7-flash__aws-tf-002.json","24476","ae10e4fae5116b17a8cc2544ab65b49cf92505febf2c35ae1efc0e410ee8ae9c"
"simple__gemini-3.7-flash__aws-tf-003","results/security_scans/checkov/geniac_tier_a/raw/simple__gemini-3.7-flash__aws-tf-003.json","61288","89738e3b6275d774c74a03512d0a7e32bb3c1878b8317bcdfcb95bf018242c21"
"simple__gemini-3.7-flash__aws-tf-004","results/security_scans/checkov/geniac_tier_a/raw/simple__gemini-3.7-flash__aws-tf-004.json","89512","a24e7414802806640f4be8c9c127a91b4ef05d3fec6dd4b663af14aefa606efe"
"simple__gemini-3.7-flash__aws-tf-005","results/security_scans/checkov/geniac_tier_a/raw/simple__gemini-3.7-flash__aws-tf-005.json","86207","4c6395bab7855eef77c7619122a760786f08fc8e0d516febaf204167462909d5"
"simple__gemini-3.7-flash__aws-tf-006","results/security_scans/checkov/geniac_tier_a/raw/simple__gemini-3.7-flash__aws-tf-006.json","17166","5ab96b2d1cc9b09be54d1811f79ca2dc7a9f1519082ce3ff0182d34dc5796ced"
"simple__gemini-3.7-flash__aws-tf-007","results/security_scans/checkov/geniac_tier_a/raw/simple__gemini-3.7-flash__aws-tf-007.json","3278","dc3fb9186d3e837efba60c9aae87e110219722c3e1e5d010df3a71c65159d3b8"
"simple__gemini-3.7-flash__aws-tf-008","results/security_scans/checkov/geniac_tier_a/raw/simple__gemini-3.7-flash__aws-tf-008.json","26322","673521a2d0d837fa668da1e5bf675a970169ce9c6f8b8fb54408709b4273af4a"
"simple__gemini-3.7-flash__aws-tf-009","results/security_scans/checkov/geniac_tier_a/raw/simple__gemini-3.7-flash__aws-tf-009.json","22432","a5a73cc3c85be0ee93c5cfb6fc7dc2fc020e38efa5a572f9fd429e2ab8ca7341"
"simple__gemini-3.7-flash__aws-tf-010","results/security_scans/checkov/geniac_tier_a/raw/simple__gemini-3.7-flash__aws-tf-010.json","31335","a4c1cb4a15d52ef9dab21a521791c22306111f6b85493368aba25ec9a9a24555"
"simple__gpt-4o__aws-tf-001","results/security_scans/checkov/geniac_tier_a/raw/simple__gpt-4o__aws-tf-001.json","38450","437a6efa26b7b98eba655066b4dfa36a41c900b03945e40e0b474741671bf768"
"simple__gpt-4o__aws-tf-002","results/security_scans/checkov/geniac_tier_a/raw/simple__gpt-4o__aws-tf-002.json","29723","6cf9753f262a9caa95c0bbfa26cbaa8cb52431615a3f798895aed91ef43c298d"
"simple__gpt-4o__aws-tf-003","results/security_scans/checkov/geniac_tier_a/raw/simple__gpt-4o__aws-tf-003.json","34897","edad155124335ff377a1c62e5ade8d4389c3e0990ad777a4abd206e181a45eb8"
"simple__gpt-4o__aws-tf-004","results/security_scans/checkov/geniac_tier_a/raw/simple__gpt-4o__aws-tf-004.json","72002","0bdedf1b565efd36c45d3522abcdfd14812e372dbf328e8307c39ab080def2ab"
"simple__gpt-4o__aws-tf-006","results/security_scans/checkov/geniac_tier_a/raw/simple__gpt-4o__aws-tf-006.json","8926","97834f3c12ae3d67a9c8c2466545bd63312c787836d63e821b37724e7efc3af7"
"simple__gpt-4o__aws-tf-007","results/security_scans/checkov/geniac_tier_a/raw/simple__gpt-4o__aws-tf-007.json","3279","62e0a77e673b86e70f8dc0bed1922c12ee01fede8bf46339758e8cc681bdfd75"
"simple__gpt-4o__aws-tf-009","results/security_scans/checkov/geniac_tier_a/raw/simple__gpt-4o__aws-tf-009.json","9410","8a8665edebdfd991ddd9516694c30a12f632317dac45755904c19ef5b0610374"
"simple__gpt-4o__aws-tf-010","results/security_scans/checkov/geniac_tier_a/raw/simple__gpt-4o__aws-tf-010.json","17738","b8737cadc070119bbaa9d7930885e612461fa940faa84ef1885824ef7279d141"
"simple__gpt-5__aws-tf-001","results/security_scans/checkov/geniac_tier_a/raw/simple__gpt-5__aws-tf-001.json","48542","9832bf417a03f50a749f1435061658bed569eddce44b2c30fdb388572b7b5475"
"simple__gpt-5__aws-tf-002","results/security_scans/checkov/geniac_tier_a/raw/simple__gpt-5__aws-tf-002.json","22666","20fdf219b9bdc058f727fcd3f99ebe1e48a9f06cd9b2620eef8882731b4c82cd"
"simple__gpt-5__aws-tf-003","results/security_scans/checkov/geniac_tier_a/raw/simple__gpt-5__aws-tf-003.json","53625","5cf130afbbbf8ca97cc8d70e4e487fa4c8eeff95a6337203db03830665671f68"
"simple__gpt-5__aws-tf-005","results/security_scans/checkov/geniac_tier_a/raw/simple__gpt-5__aws-tf-005.json","122670","0cc18daa1b2bbd88d62cf1db6a66b8de2f7dff5320f8c897f71828b406d3c7d7"
"simple__gpt-5__aws-tf-006","results/security_scans/checkov/geniac_tier_a/raw/simple__gpt-5__aws-tf-006.json","15104","e824a26cad7e220be8d0566c195a80dd3502f6f76976c9f1245090e60f155410"
"simple__gpt-5__aws-tf-007","results/security_scans/checkov/geniac_tier_a/raw/simple__gpt-5__aws-tf-007.json","269","43dc4e439c49d07de283eb9a7c8e00ca4bebf1f9b42035135861904415ff31d0"
"simple__gpt-5__aws-tf-008","results/security_scans/checkov/geniac_tier_a/raw/simple__gpt-5__aws-tf-008.json","47747","2b101f182ec163bff70e7b137ff087d92c6e298fbae69460e25dc471faddcb00"
"simple__gpt-5__aws-tf-009","results/security_scans/checkov/geniac_tier_a/raw/simple__gpt-5__aws-tf-009.json","4665","53a38373eb660f819162ec5f0caa835347bba1eed920d056126a87e568b12318"
"simple__gpt-5__aws-tf-010","results/security_scans/checkov/geniac_tier_a/raw/simple__gpt-5__aws-tf-010.json","16336","d4aac1c20591fbfb2daba530f58dadf40f72020744ef4efa8e64146c994b0a07"
"simple__gpt-5-thinking__aws-tf-001","results/security_scans/checkov/geniac_tier_a/raw/simple__gpt-5-thinking__aws-tf-001.json","42239","ba2b0878526ec51f3e5fdb39aa601cc863354ca8858551895046eeaf6e856586"
"simple__gpt-5-thinking__aws-tf-003","results/security_scans/checkov/geniac_tier_a/raw/simple__gpt-5-thinking__aws-tf-003.json","60128","50713c8bc6a86b73b429357d91eea3775032c321d309fdc4a89f5a884d801d7c"
"simple__gpt-5-thinking__aws-tf-005","results/security_scans/checkov/geniac_tier_a/raw/simple__gpt-5-thinking__aws-tf-005.json","121321","a210163607ec79acea8a8751c1dccecbb120d77de35925840118f7f009757f6b"
"simple__gpt-5-thinking__aws-tf-006","results/security_scans/checkov/geniac_tier_a/raw/simple__gpt-5-thinking__aws-tf-006.json","14905","c4e9e0e884d54d7c4a6061c9911a4130985bca9ababd1bfba4b57f3dd9c7ce75"
"simple__gpt-5-thinking__aws-tf-007","results/security_scans/checkov/geniac_tier_a/raw/simple__gpt-5-thinking__aws-tf-007.json","268","d566dffc3034d655919c68da1e9a8e6e78b30f06e94734e20a51b37991ad5ff9"
"simple__gpt-5-thinking__aws-tf-008","results/security_scans/checkov/geniac_tier_a/raw/simple__gpt-5-thinking__aws-tf-008.json","43772","3dee298f42506faeb31c1539499585f8b0ca659f4c4de947b0914d8f5eba9273"
"simple__gpt-5-thinking__aws-tf-009","results/security_scans/checkov/geniac_tier_a/raw/simple__gpt-5-thinking__aws-tf-009.json","4109","6fb1256bcc01ae7796f9e034adf023deb0810c1ea118bc2bdb116b9396440f17"
"simple__gpt-5-thinking__aws-tf-010","results/security_scans/checkov/geniac_tier_a/raw/simple__gpt-5-thinking__aws-tf-010.json","21853","90e139bbed707dd3ac50b234b2d45949c8613935ea2978f6f7d5f33170f314b5"
"simple__llama3__aws-tf-002","results/security_scans/checkov/geniac_tier_a/raw/simple__llama3__aws-tf-002.json","33839","7a5d573e55cd3ad0b37a5b44c6b6aaa419b10389ba5875ba5c7b6a3a075da054"
"simple__llama3__aws-tf-003","results/security_scans/checkov/geniac_tier_a/raw/simple__llama3__aws-tf-003.json","24708","2197d32df7395dad49e933afa1d1ffcd4360727d1f922187dda22d379df1f948"
"simple__llama3__aws-tf-005","results/security_scans/checkov/geniac_tier_a/raw/simple__llama3__aws-tf-005.json","44820","0df694eec79c4e75587eae3703b82a9d6f6100667e547ce0beceb3136acee7e8"
"simple__llama3__aws-tf-006","results/security_scans/checkov/geniac_tier_a/raw/simple__llama3__aws-tf-006.json","8949","9e7a4867ab8348f0f5a0d12716538892887fa678482a3fa7a182751257ca86cd"
"simple__llama3__aws-tf-007","results/security_scans/checkov/geniac_tier_a/raw/simple__llama3__aws-tf-007.json","3231","1d666c315e31195e238ea08da2ec4ef154d83f590934104a27509035bf07c893"
"simple__mistral__aws-tf-001","results/security_scans/checkov/geniac_tier_a/raw/simple__mistral__aws-tf-001.json","34606","fb969799eb9b500307af0a3150a163e01091a8300c28928a5c2d8939238eac4a"
"simple__mistral__aws-tf-002","results/security_scans/checkov/geniac_tier_a/raw/simple__mistral__aws-tf-002.json","23417","ab6be5616a0f25103e721308b02d350ed04def300dcc3792afa1d06c1d548d22"
