source_id,source_task_id,family_id,artifact_id,candidate_id,finding_count,selected,selection_rule,feature_spec_version,features_v1_sha256,finding_ids_sha256
geniac-secbench,complex-aws-tf-002,complex-aws-tf-002,complex__claude-opus-4-6-cot__complex-aws-tf-002,complex__claude-opus-4-6-cot__complex-aws-tf-002,10,True,artifact_finding_count >= 3,v1.0,67295a1742a01a77dd35a3a817e591a6206356a963f5fe46edae6481b6ac9164,04e8f2c7b03b66f6f65378a0fd41d1155984a8f834c2a1c0b8ff7e7487ff6b4e
geniac-secbench,complex-aws-tf-006,complex-aws-tf-006,complex__claude-opus-4-6-cot__complex-aws-tf-006,complex__claude-opus-4-6-cot__complex-aws-tf-006,12,True,artifact_finding_count >= 3,v1.0,67295a1742a01a77dd35a3a817e591a6206356a963f5fe46edae6481b6ac9164,a0d787ad5a358fcd1dac31d0726ba0dc09d23f2222eebbbda7977cb95ecb1a68
geniac-secbench,complex-aws-tf-007,complex-aws-tf-007,complex__claude-opus-4-6-cot__complex-aws-tf-007,complex__claude-opus-4-6-cot__complex-aws-tf-007,2,False,artifact_finding_count >= 3,v1.0,67295a1742a01a77dd35a3a817e591a6206356a963f5fe46edae6481b6ac9164,d920046af93a6f92d660515bcd386693bd6b2515fbcc1ff5c8b206a03787878b
geniac-secbench,complex-aws-tf-010,complex-aws-tf-010,complex__claude-opus-4-6-cot__complex-aws-tf-010,complex__claude-opus-4-6-cot__complex-aws-tf-010,29,True,artifact_finding_count >= 3,v1.0,67295a1742a01a77dd35a3a817e591a6206356a963f5fe46edae6481b6ac9164,04a7c0bdbc741ec58656cda5a4e12fea9b129260be14e73ca66e08d2a4808f42
geniac-secbench,complex-aws-tf-007,complex-aws-tf-007,complex__claude-opus-4-6-thinking__complex-aws-tf-007,complex__claude-opus-4-6-thinking__complex-aws-tf-007,2,False,artifact_finding_count >= 3,v1.0,67295a1742a01a77dd35a3a817e591a6206356a963f5fe46edae6481b6ac9164,be26ceb4a1a01434a2ac9034bf39952b0c9d3e994ccd7e87247a7fae3e225b98
geniac-secbench,complex-aws-tf-008,complex-aws-tf-008,complex__claude-opus-4-6-thinking__complex-aws-tf-008,complex__claude-opus-4-6-thinking__complex-aws-tf-008,5,True,artifact_finding_count >= 3,v1.0,67295a1742a01a77dd35a3a817e591a6206356a963f5fe46edae6481b6ac9164,837a7e6fdf5fbc5b893f4e073b04292f10a21115f9e2ea735defa0f70b8bebd3
geniac-secbench,complex-aws-tf-010,complex-aws-tf-010,complex__claude-opus-4-6-thinking__complex-aws-tf-010,complex__claude-opus-4-6-thinking__complex-aws-tf-010,29,True,artifact_finding_count >= 3,v1.0,67295a1742a01a77dd35a3a817e591a6206356a963f5fe46edae6481b6ac9164,a1096f0a8957d13d6157b3f0cdcd76d9f6f7179ff67f81b13f0072f2bf94d520
geniac-secbench,complex-aws-tf-002,complex-aws-tf-002,complex__claude-opus-4-6__complex-aws-tf-002,complex__claude-opus-4-6__complex-aws-tf-002,9,True,artifact_finding_count >= 3,v1.0,67295a1742a01a77dd35a3a817e591a6206356a963f5fe46edae6481b6ac9164,81b8e06262c02eb44275fd2cf49ba9531f100ef8496d5e7f4b69e6dc5b7a2161
geniac-secbench,complex-aws-tf-006,complex-aws-tf-006,complex__claude-opus-4-6__complex-aws-tf-006,complex__claude-opus-4-6__complex-aws-tf-006,16,True,artifact_finding_count >= 3,v1.0,67295a1742a01a77dd35a3a817e591a6206356a963f5fe46edae6481b6ac9164,1829fa5f6da69353aa8a6db3258268b259c3be180c3d2a9a6556d6ae33a506dc
geniac-secbench,complex-aws-tf-007,complex-aws-tf-007,complex__claude-opus-4-6__complex-aws-tf-007,complex__claude-opus-4-6__complex-aws-tf-007,4,True,artifact_finding_count >= 3,v1.0,67295a1742a01a77dd35a3a817e591a6206356a963f5fe46edae6481b6ac9164,ec2649f7ae07936c2afc39282c1f4dd2cc9232c5fdcc75eb7daab849d1e48c2f
geniac-secbench,complex-aws-tf-006,complex-aws-tf-006,complex__claude-sonnet-4-6__complex-aws-tf-006,complex__claude-sonnet-4-6__complex-aws-tf-006,19,True,artifact_finding_count >= 3,v1.0,67295a1742a01a77dd35a3a817e591a6206356a963f5fe46edae6481b6ac9164,d9be2691417018403b4d888700c2d28e84a4454e6931faff7544ac2521c711e1
geniac-secbench,complex-aws-tf-007,complex-aws-tf-007,complex__gemini-3.1-pro__complex-aws-tf-007,complex__gemini-3.1-pro__complex-aws-tf-007,2,False,artifact_finding_count >= 3,v1.0,67295a1742a01a77dd35a3a817e591a6206356a963f5fe46edae6481b6ac9164,3a09db42946c8dfb9fcd7707266f10c6a58c570e2faa7ceabe0af8d4cf03f65b
geniac-secbench,complex-aws-tf-010,complex-aws-tf-010,complex__gemini-3.1-pro__complex-aws-tf-010,complex__gemini-3.1-pro__complex-aws-tf-010,11,True,artifact_finding_count >= 3,v1.0,67295a1742a01a77dd35a3a817e591a6206356a963f5fe46edae6481b6ac9164,81609ce8cb588a8c6f2519f57632681ab906181f74fe64a2a2cc71b56a7ca2d4
geniac-secbench,complex-aws-tf-001,complex-aws-tf-001,complex__gemini-3.7-flash__complex-aws-tf-001,complex__gemini-3.7-flash__complex-aws-tf-001,4,True,artifact_finding_count >= 3,v1.0,67295a1742a01a77dd35a3a817e591a6206356a963f5fe46edae6481b6ac9164,e8ff4a0bd68c67b26e42cf4efc7d3a259254525c944ff300f00b0c55342ce91d
geniac-secbench,complex-aws-tf-002,complex-aws-tf-002,complex__gemini-3.7-flash__complex-aws-tf-002,complex__gemini-3.7-flash__complex-aws-tf-002,6,True,artifact_finding_count >= 3,v1.0,67295a1742a01a77dd35a3a817e591a6206356a963f5fe46edae6481b6ac9164,906040a3384fb21ce568c0d1f918d72c456be566538d93f525848c9b8f18b2a7
geniac-secbench,complex-aws-tf-010,complex-aws-tf-010,complex__gemini-3.7-flash__complex-aws-tf-010,complex__gemini-3.7-flash__complex-aws-tf-010,21,True,artifact_finding_count >= 3,v1.0,67295a1742a01a77dd35a3a817e591a6206356a963f5fe46edae6481b6ac9164,40a5f4ca85c072cc5d3b85dd48e569781c2c8cdf6c58c55f8bdb1c2d7129c3fc
geniac-secbench,complex-aws-tf-001,complex-aws-tf-001,complex__gpt-5__complex-aws-tf-001,complex__gpt-5__complex-aws-tf-001,7,True,artifact_finding_count >= 3,v1.0,67295a1742a01a77dd35a3a817e591a6206356a963f5fe46edae6481b6ac9164,a6e3ad861306a7853c3d6f7d3ce531b4ba4930188ae5c0807aade7bebfdffc0c
geniac-secbench,aws-tf-001,aws-tf-001,simple__claude-opus-4-6-cot__aws-tf-001,simple__claude-opus-4-6-cot__aws-tf-001,2,False,artifact_finding_count >= 3,v1.0,67295a1742a01a77dd35a3a817e591a6206356a963f5fe46edae6481b6ac9164,aaff1c8765e398dadb885b5183276d66155ee85aec6b7efe3ad5c364576d1227
geniac-secbench,aws-tf-002,aws-tf-002,simple__claude-opus-4-6-cot__aws-tf-002,simple__claude-opus-4-6-cot__aws-tf-002,1,False,artifact_finding_count >= 3,v1.0,67295a1742a01a77dd35a3a817e591a6206356a963f5fe46edae6481b6ac9164,ffd8bc5de3e858dcd829f029c2194c334433f40aa08e40038843a989426919bb
geniac-secbench,aws-tf-003,aws-tf-003,simple__claude-opus-4-6-cot__aws-tf-003,simple__claude-opus-4-6-cot__aws-tf-003,3,True,artifact_finding_count >= 3,v1.0,67295a1742a01a77dd35a3a817e591a6206356a963f5fe46edae6481b6ac9164,492cc2b4f8e70b44eb4c4f4b149749652a2c723f7371dfdd2815c5b13d15dca7
geniac-secbench,aws-tf-004,aws-tf-004,simple__claude-opus-4-6-cot__aws-tf-004,simple__claude-opus-4-6-cot__aws-tf-004,7,True,artifact_finding_count >= 3,v1.0,67295a1742a01a77dd35a3a817e591a6206356a963f5fe46edae6481b6ac9164,655c272daca6b147ca19243f486b2051af2b8cd366226e940ba2eb3984a6f04a
geniac-secbench,aws-tf-005,aws-tf-005,simple__claude-opus-4-6-cot__aws-tf-005,simple__claude-opus-4-6-cot__aws-tf-005,4,True,artifact_finding_count >= 3,v1.0,67295a1742a01a77dd35a3a817e591a6206356a963f5fe46edae6481b6ac9164,13323fe449bdaed31edd861cb311e48b04184c254bcbd2815b2cd197eeaa3733
geniac-secbench,aws-tf-006,aws-tf-006,simple__claude-opus-4-6-cot__aws-tf-006,simple__claude-opus-4-6-cot__aws-tf-006,2,False,artifact_finding_count >= 3,v1.0,67295a1742a01a77dd35a3a817e591a6206356a963f5fe46edae6481b6ac9164,00022e8c76172206aebe5f4a1b58b16e436fee4111dfb71dafe80fe9522c2b53
geniac-secbench,aws-tf-008,aws-tf-008,simple__claude-opus-4-6-cot__aws-tf-008,simple__claude-opus-4-6-cot__aws-tf-008,1,False,artifact_finding_count >= 3,v1.0,67295a1742a01a77dd35a3a817e591a6206356a963f5fe46edae6481b6ac9164,cba493de43403e5e4612021825a3f0587dc119298f42c57ab02ca6fb5568de4a
geniac-secbench,aws-tf-010,aws-tf-010,simple__claude-opus-4-6-cot__aws-tf-010,simple__claude-opus-4-6-cot__aws-tf-010,4,True,artifact_finding_count >= 3,v1.0,67295a1742a01a77dd35a3a817e591a6206356a963f5fe46edae6481b6ac9164,bd630c9819956dfc3107ea66a2c967ca4cc709f926f58f33837630ff4360f534
geniac-secbench,aws-tf-001,aws-tf-001,simple__claude-opus-4-6-thinking__aws-tf-001,simple__claude-opus-4-6-thinking__aws-tf-001,2,False,artifact_finding_count >= 3,v1.0,67295a1742a01a77dd35a3a817e591a6206356a963f5fe46edae6481b6ac9164,c9d2fe391ca320d8687e2219722c5092d376147597c3bbbd6861a347cfec0614
geniac-secbench,aws-tf-003,aws-tf-003,simple__claude-opus-4-6-thinking__aws-tf-003,simple__claude-opus-4-6-thinking__aws-tf-003,3,True,artifact_finding_count >= 3,v1.0,67295a1742a01a77dd35a3a817e591a6206356a963f5fe46edae6481b6ac9164,6a189ab6d9fcd0b561b6752226fce93aec8359d7a321a0dd69747a2c988fb3df
geniac-secbench,aws-tf-004,aws-tf-004,simple__claude-opus-4-6-thinking__aws-tf-004,simple__claude-opus-4-6-thinking__aws-tf-004,7,True,artifact_finding_count >= 3,v1.0,67295a1742a01a77dd35a3a817e591a6206356a963f5fe46edae6481b6ac9164,9f7adfa39e58a15c223e500244c04b5db1bf244bacfb77f6a38dcff75782305c
geniac-secbench,aws-tf-005,aws-tf-005,simple__claude-opus-4-6-thinking__aws-tf-005,simple__claude-opus-4-6-thinking__aws-tf-005,4,True,artifact_finding_count >= 3,v1.0,67295a1742a01a77dd35a3a817e591a6206356a963f5fe46edae6481b6ac9164,bf3ab24141e95225a939c813d8e7734d1d36b1a8bd9d0e731f891e668b466d12
geniac-secbench,aws-tf-006,aws-tf-006,simple__claude-opus-4-6-thinking__aws-tf-006,simple__claude-opus-4-6-thinking__aws-tf-006,2,False,artifact_finding_count >= 3,v1.0,67295a1742a01a77dd35a3a817e591a6206356a963f5fe46edae6481b6ac9164,8cf70d29e557ef506d417177a0883e21e16bd9177580812bea8c3af86cf6ad24
geniac-secbench,aws-tf-008,aws-tf-008,simple__claude-opus-4-6-thinking__aws-tf-008,simple__claude-opus-4-6-thinking__aws-tf-008,1,False,artifact_finding_count >= 3,v1.0,67295a1742a01a77dd35a3a817e591a6206356a963f5fe46edae6481b6ac9164,b01cea61baee6a9de0136116ef1c2cf265aa08a984b126bb980f4dd24b22d04b
geniac-secbench,aws-tf-010,aws-tf-010,simple__claude-opus-4-6-thinking__aws-tf-010,simple__claude-opus-4-6-thinking__aws-tf-010,5,True,artifact_finding_count >= 3,v1.0,67295a1742a01a77dd35a3a817e591a6206356a963f5fe46edae6481b6ac9164,c7c8fef3ead87761dcc0a20ea508944639dbfcbaf75425d9d83d2457ce6ddfd4
geniac-secbench,aws-tf-001,aws-tf-001,simple__claude-opus-4-6__aws-tf-001,simple__claude-opus-4-6__aws-tf-001,2,False,artifact_finding_count >= 3,v1.0,67295a1742a01a77dd35a3a817e591a6206356a963f5fe46edae6481b6ac9164,925d9a686291835f17dbf9d186399ccc4e259c9b582c82e1eb40151553e88859
geniac-secbench,aws-tf-003,aws-tf-003,simple__claude-opus-4-6__aws-tf-003,simple__claude-opus-4-6__aws-tf-003,3,True,artifact_finding_count >= 3,v1.0,67295a1742a01a77dd35a3a817e591a6206356a963f5fe46edae6481b6ac9164,fcc0e1904c8dd3d768ba4ad36d95507b3fab4c4732633c45235a0f0f15893f50
geniac-secbench,aws-tf-004,aws-tf-004,simple__claude-opus-4-6__aws-tf-004,simple__claude-opus-4-6__aws-tf-004,6,True,artifact_finding_count >= 3,v1.0,67295a1742a01a77dd35a3a817e591a6206356a963f5fe46edae6481b6ac9164,dd4df958873ce840a655fff71a1c2708fe1b02f134d1a60602bd5662d760d2ae
geniac-secbench,aws-tf-005,aws-tf-005,simple__claude-opus-4-6__aws-tf-005,simple__claude-opus-4-6__aws-tf-005,4,True,artifact_finding_count >= 3,v1.0,67295a1742a01a77dd35a3a817e591a6206356a963f5fe46edae6481b6ac9164,e1018ed19649dfd3367e498439d188b326c323f37f3181cb4ebb981f6912a165
geniac-secbench,aws-tf-006,aws-tf-006,simple__claude-opus-4-6__aws-tf-006,simple__claude-opus-4-6__aws-tf-006,2,False,artifact_finding_count >= 3,v1.0,67295a1742a01a77dd35a3a817e591a6206356a963f5fe46edae6481b6ac9164,a549410a6727af193710e519d1f8492faf7f6022cf949f0dfd5871a1d952ca6b
geniac-secbench,aws-tf-008,aws-tf-008,simple__claude-opus-4-6__aws-tf-008,simple__claude-opus-4-6__aws-tf-008,1,False,artifact_finding_count >= 3,v1.0,67295a1742a01a77dd35a3a817e591a6206356a963f5fe46edae6481b6ac9164,f96b5391466694f46b8d705bfbfcee6e6dd50960eb171c8f5612110e7fe30e62
geniac-secbench,aws-tf-010,aws-tf-010,simple__claude-opus-4-6__aws-tf-010,simple__claude-opus-4-6__aws-tf-010,4,True,artifact_finding_count >= 3,v1.0,67295a1742a01a77dd35a3a817e591a6206356a963f5fe46edae6481b6ac9164,0882255d00e449bd8660254fd825e73025142810fe38b55b47f42b0dab973f5f
geniac-secbench,aws-tf-001,aws-tf-001,simple__claude-sonnet-4-6__aws-tf-001,simple__claude-sonnet-4-6__aws-tf-001,2,False,artifact_finding_count >= 3,v1.0,67295a1742a01a77dd35a3a817e591a6206356a963f5fe46edae6481b6ac9164,f6788d5a2c8c7c061c5832034e11e4cc7ff146372129735cb1c7b8bc75c8f153
geniac-secbench,aws-tf-002,aws-tf-002,simple__claude-sonnet-4-6__aws-tf-002,simple__claude-sonnet-4-6__aws-tf-002,1,False,artifact_finding_count >= 3,v1.0,67295a1742a01a77dd35a3a817e591a6206356a963f5fe46edae6481b6ac9164,7555674137a44abca8cda58055ad3d55a67c6fe090bc44ae26cc74eb57fea798
geniac-secbench,aws-tf-003,aws-tf-003,simple__claude-sonnet-4-6__aws-tf-003,simple__claude-sonnet-4-6__aws-tf-003,1,False,artifact_finding_count >= 3,v1.0,67295a1742a01a77dd35a3a817e591a6206356a963f5fe46edae6481b6ac9164,2841e39b3a6ae98bf9ad9500be36919eef21ad996168b236659f1b275b9f2582
geniac-secbench,aws-tf-004,aws-tf-004,simple__claude-sonnet-4-6__aws-tf-004,simple__claude-sonnet-4-6__aws-tf-004,8,True,artifact_finding_count >= 3,v1.0,67295a1742a01a77dd35a3a817e591a6206356a963f5fe46edae6481b6ac9164,f064b56caa59adf4bf30f392266116e060aee659cdb08e2595d130c01ab91f64
geniac-secbench,aws-tf-005,aws-tf-005,simple__claude-sonnet-4-6__aws-tf-005,simple__claude-sonnet-4-6__aws-tf-005,4,True,artifact_finding_count >= 3,v1.0,67295a1742a01a77dd35a3a817e591a6206356a963f5fe46edae6481b6ac9164,07a2c5450b149fee8589137142711c7b0bfbdceafc49feaac70ce387d113e762
geniac-secbench,aws-tf-006,aws-tf-006,simple__claude-sonnet-4-6__aws-tf-006,simple__claude-sonnet-4-6__aws-tf-006,2,False,artifact_finding_count >= 3,v1.0,67295a1742a01a77dd35a3a817e591a6206356a963f5fe46edae6481b6ac9164,e561210e353f4e27ba79868557e680a42535a94b47199ab83228a2aca893fa5d
geniac-secbench,aws-tf-010,aws-tf-010,simple__claude-sonnet-4-6__aws-tf-010,simple__claude-sonnet-4-6__aws-tf-010,7,True,artifact_finding_count >= 3,v1.0,67295a1742a01a77dd35a3a817e591a6206356a963f5fe46edae6481b6ac9164,ba6e25ebb1a59e53dba8906340691d2e2e8f33d80c8ec203b92619195769110e
geniac-secbench,aws-tf-001,aws-tf-001,simple__gemini-3.1-pro__aws-tf-001,simple__gemini-3.1-pro__aws-tf-001,2,False,artifact_finding_count >= 3,v1.0,67295a1742a01a77dd35a3a817e591a6206356a963f5fe46edae6481b6ac9164,8a2b1aaea645c8d6d5031a3c9a3987c73773a43e8c14ba9d0064f515e7051bac
geniac-secbench,aws-tf-002,aws-tf-002,simple__gemini-3.1-pro__aws-tf-002,simple__gemini-3.1-pro__aws-tf-002,1,False,artifact_finding_count >= 3,v1.0,67295a1742a01a77dd35a3a817e591a6206356a963f5fe46edae6481b6ac9164,9a127395295620bb987888b640d4c3c45e7e303e21f128f9d4127c6ba3f20ee8
geniac-secbench,aws-tf-003,aws-tf-003,simple__gemini-3.1-pro__aws-tf-003,simple__gemini-3.1-pro__aws-tf-003,2,False,artifact_finding_count >= 3,v1.0,67295a1742a01a77dd35a3a817e591a6206356a963f5fe46edae6481b6ac9164,c1e1a75bef7b4be5e17f29eac3971f9ba7293ac84191989bbb57e2550c32a3fc
geniac-secbench,aws-tf-004,aws-tf-004,simple__gemini-3.1-pro__aws-tf-004,simple__gemini-3.1-pro__aws-tf-004,6,True,artifact_finding_count >= 3,v1.0,67295a1742a01a77dd35a3a817e591a6206356a963f5fe46edae6481b6ac9164,fce9c9657ddb2ba12b5d6209c8aa3acbf331b240414bdae7523fda26e132d9c5
geniac-secbench,aws-tf-005,aws-tf-005,simple__gemini-3.1-pro__aws-tf-005,simple__gemini-3.1-pro__aws-tf-005,4,True,artifact_finding_count >= 3,v1.0,67295a1742a01a77dd35a3a817e591a6206356a963f5fe46edae6481b6ac9164,34dad47869cf984cf8936485ea0ad2a3566955c8780002220905627f27682561
geniac-secbench,aws-tf-006,aws-tf-006,simple__gemini-3.1-pro__aws-tf-006,simple__gemini-3.1-pro__aws-tf-006,2,False,artifact_finding_count >= 3,v1.0,67295a1742a01a77dd35a3a817e591a6206356a963f5fe46edae6481b6ac9164,95c901902e8df69646b030033d42fde39feb86d11594610501468a84f1551d9e
geniac-secbench,aws-tf-008,aws-tf-008,simple__gemini-3.1-pro__aws-tf-008,simple__gemini-3.1-pro__aws-tf-008,1,False,artifact_finding_count >= 3,v1.0,67295a1742a01a77dd35a3a817e591a6206356a963f5fe46edae6481b6ac9164,d4a81a55f23cf28356971cb1d04ed05e1ce9fcdfcea5bc9ed36ffaebab7babfc
geniac-secbench,aws-tf-001,aws-tf-001,simple__gemini-3.7-flash__aws-tf-001,simple__gemini-3.7-flash__aws-tf-001,2,False,artifact_finding_count >= 3,v1.0,67295a1742a01a77dd35a3a817e591a6206356a963f5fe46edae6481b6ac9164,90c15c5ade280b5f8cc7da1130797d0df97bf3a2177f90d6e71e02481b371c45
geniac-secbench,aws-tf-003,aws-tf-003,simple__gemini-3.7-flash__aws-tf-003,simple__gemini-3.7-flash__aws-tf-003,3,True,artifact_finding_count >= 3,v1.0,67295a1742a01a77dd35a3a817e591a6206356a963f5fe46edae6481b6ac9164,834c9664996b51b84bd70750a050bd5b44e159872fd41fdac009555cd32e0fa9
geniac-secbench,aws-tf-004,aws-tf-004,simple__gemini-3.7-flash__aws-tf-004,simple__gemini-3.7-flash__aws-tf-004,6,True,artifact_finding_count >= 3,v1.0,67295a1742a01a77dd35a3a817e591a6206356a963f5fe46edae6481b6ac9164,7794a8cd9a881e623819c933c5b773ece7ddede86221b4efea7bd1b55c118840
geniac-secbench,aws-tf-005,aws-tf-005,simple__gemini-3.7-flash__aws-tf-005,simple__gemini-3.7-flash__aws-tf-005,4,True,artifact_finding_count >= 3,v1.0,67295a1742a01a77dd35a3a817e591a6206356a963f5fe46edae6481b6ac9164,b29c22743f0091c2ed9c28aa3339c8287dd2182110cf6f3655eedf80758b184b
geniac-secbench,aws-tf-006,aws-tf-006,simple__gemini-3.7-flash__aws-tf-006,simple__gemini-3.7-flash__aws-tf-006,2,False,artifact_finding_count >= 3,v1.0,67295a1742a01a77dd35a3a817e591a6206356a963f5fe46edae6481b6ac9164,315a2d56ead01afb7f2687bd247cae080ad05c69f2ca34bdeb03d147d4aea133
geniac-secbench,aws-tf-008,aws-tf-008,simple__gemini-3.7-flash__aws-tf-008,simple__gemini-3.7-flash__aws-tf-008,1,False,artifact_finding_count >= 3,v1.0,67295a1742a01a77dd35a3a817e591a6206356a963f5fe46edae6481b6ac9164,58367b461bc96caecf5b631596d62cd84c51de5a1d1cea0ae189f416144fa2bd
geniac-secbench,aws-tf-010,aws-tf-010,simple__gemini-3.7-flash__aws-tf-010,simple__gemini-3.7-flash__aws-tf-010,4,True,artifact_finding_count >= 3,v1.0,67295a1742a01a77dd35a3a817e591a6206356a963f5fe46edae6481b6ac9164,50ae7ac254ab9ecaca1b383c418e0c1e81a713fcd1dd9f3bbc58d9ac051ab5db
geniac-secbench,aws-tf-001,aws-tf-001,simple__gpt-4o__aws-tf-001,simple__gpt-4o__aws-tf-001,2,False,artifact_finding_count >= 3,v1.0,67295a1742a01a77dd35a3a817e591a6206356a963f5fe46edae6481b6ac9164,aa65295f4fc33002722ef35ea5d4517fb1dcc0f027e630e45fce44501bb3440c
geniac-secbench,aws-tf-002,aws-tf-002,simple__gpt-4o__aws-tf-002,simple__gpt-4o__aws-tf-002,2,False,artifact_finding_count >= 3,v1.0,67295a1742a01a77dd35a3a817e591a6206356a963f5fe46edae6481b6ac9164,46bbb77c1950da543fa1186c6883dbdfcbd467558ef947f8319010ac8fb15113
geniac-secbench,aws-tf-003,aws-tf-003,simple__gpt-4o__aws-tf-003,simple__gpt-4o__aws-tf-003,1,False,artifact_finding_count >= 3,v1.0,67295a1742a01a77dd35a3a817e591a6206356a963f5fe46edae6481b6ac9164,e34f649e7f5935194ecc283dbbbc2e52732f0313db40d7dc3eb91780885ce58a
geniac-secbench,aws-tf-004,aws-tf-004,simple__gpt-4o__aws-tf-004,simple__gpt-4o__aws-tf-004,4,True,artifact_finding_count >= 3,v1.0,67295a1742a01a77dd35a3a817e591a6206356a963f5fe46edae6481b6ac9164,ad4b0d02a2a97f1ba44ef7d2a597da3afc65289ba64130e3671f63762f26c0cc
geniac-secbench,aws-tf-006,aws-tf-006,simple__gpt-4o__aws-tf-006,simple__gpt-4o__aws-tf-006,2,False,artifact_finding_count >= 3,v1.0,67295a1742a01a77dd35a3a817e591a6206356a963f5fe46edae6481b6ac9164,3a578c78ab06fbbce7a52694fd6d6a50ed5a07eef51aca95ab0ecfc19b7408da
geniac-secbench,aws-tf-010,aws-tf-010,simple__gpt-4o__aws-tf-010,simple__gpt-4o__aws-tf-010,2,False,artifact_finding_count >= 3,v1.0,67295a1742a01a77dd35a3a817e591a6206356a963f5fe46edae6481b6ac9164,8d61d7ab6d297b5957a0a8475d3137da7642ca3cd3e2f50119b4e5aff5ff4a86
geniac-secbench,aws-tf-001,aws-tf-001,simple__gpt-5-thinking__aws-tf-001,simple__gpt-5-thinking__aws-tf-001,2,False,artifact_finding_count >= 3,v1.0,67295a1742a01a77dd35a3a817e591a6206356a963f5fe46edae6481b6ac9164,7c8de408af1191ad78d209924096be8e19f0af9a6537b1efe60e2510fdaecb1f
geniac-secbench,aws-tf-003,aws-tf-003,simple__gpt-5-thinking__aws-tf-003,simple__gpt-5-thinking__aws-tf-003,3,True,artifact_finding_count >= 3,v1.0,67295a1742a01a77dd35a3a817e591a6206356a963f5fe46edae6481b6ac9164,252c153eee8f51743adce0746a0c9b4885b06d62e5213f41de185701d4b57d67
geniac-secbench,aws-tf-005,aws-tf-005,simple__gpt-5-thinking__aws-tf-005,simple__gpt-5-thinking__aws-tf-005,4,True,artifact_finding_count >= 3,v1.0,67295a1742a01a77dd35a3a817e591a6206356a963f5fe46edae6481b6ac9164,ca5e9ea36aae3210f477b89b50114fbf3a7174613eb7bdb2acdc49f7105c1e7c
geniac-secbench,aws-tf-006,aws-tf-006,simple__gpt-5-thinking__aws-tf-006,simple__gpt-5-thinking__aws-tf-006,2,False,artifact_finding_count >= 3,v1.0,67295a1742a01a77dd35a3a817e591a6206356a963f5fe46edae6481b6ac9164,81215b2c80501eb3726e4652aeee1a40bab42ccfd98691dec8d376cd461950c9
geniac-secbench,aws-tf-008,aws-tf-008,simple__gpt-5-thinking__aws-tf-008,simple__gpt-5-thinking__aws-tf-008,1,False,artifact_finding_count >= 3,v1.0,67295a1742a01a77dd35a3a817e591a6206356a963f5fe46edae6481b6ac9164,960902f547aeb00dd993b69b92a4dfbf3f164ccc38135127796f6f0dec6731ed
geniac-secbench,aws-tf-001,aws-tf-001,simple__gpt-5__aws-tf-001,simple__gpt-5__aws-tf-001,2,False,artifact_finding_count >= 3,v1.0,67295a1742a01a77dd35a3a817e591a6206356a963f5fe46edae6481b6ac9164,1fd0346fe23e1b0326b5b7c90f2e6a9eb556db70a71af966ac9ae84f14c8e9b9
geniac-secbench,aws-tf-002,aws-tf-002,simple__gpt-5__aws-tf-002,simple__gpt-5__aws-tf-002,1,False,artifact_finding_count >= 3,v1.0,67295a1742a01a77dd35a3a817e591a6206356a963f5fe46edae6481b6ac9164,2ea3e33f4fcf3d0c389ad479c7a63afc0d61834c475797da1fe658b35ed70b4a
geniac-secbench,aws-tf-003,aws-tf-003,simple__gpt-5__aws-tf-003,simple__gpt-5__aws-tf-003,3,True,artifact_finding_count >= 3,v1.0,67295a1742a01a77dd35a3a817e591a6206356a963f5fe46edae6481b6ac9164,ed6b9943bbcc0cf46c79a63ab820eaf9b9eafc559b0367c7844a52dd5f698671
geniac-secbench,aws-tf-005,aws-tf-005,simple__gpt-5__aws-tf-005,simple__gpt-5__aws-tf-005,4,True,artifact_finding_count >= 3,v1.0,67295a1742a01a77dd35a3a817e591a6206356a963f5fe46edae6481b6ac9164,8639acdf402c6bb399465a84892e3633bcd4497fe5d87858912d8789627de9ac
geniac-secbench,aws-tf-006,aws-tf-006,simple__gpt-5__aws-tf-006,simple__gpt-5__aws-tf-006,2,False,artifact_finding_count >= 3,v1.0,67295a1742a01a77dd35a3a817e591a6206356a963f5fe46edae6481b6ac9164,ac63f47b5be7fa2fa8c73490b4313eaf42cc2ffb369c440cec21fa522d7107bf
geniac-secbench,aws-tf-008,aws-tf-008,simple__gpt-5__aws-tf-008,simple__gpt-5__aws-tf-008,1,False,artifact_finding_count >= 3,v1.0,67295a1742a01a77dd35a3a817e591a6206356a963f5fe46edae6481b6ac9164,befef3bf8d90168ca25a7013b3b2e997ade8228e9fe3e52f679f730dd2f2c0be
geniac-secbench,aws-tf-002,aws-tf-002,simple__llama3__aws-tf-002,simple__llama3__aws-tf-002,2,False,artifact_finding_count >= 3,v1.0,67295a1742a01a77dd35a3a817e591a6206356a963f5fe46edae6481b6ac9164,81b2cab990e0d9100083f79e2b4fcc7d498d3bfe7f393e7b3529f4e250fdd19f
geniac-secbench,aws-tf-006,aws-tf-006,simple__llama3__aws-tf-006,simple__llama3__aws-tf-006,2,False,artifact_finding_count >= 3,v1.0,67295a1742a01a77dd35a3a817e591a6206356a963f5fe46edae6481b6ac9164,19a2bde9dd2c842ac1d21b43287041f6d5f8e95c9da59980eaaeb683da2e0fd1
geniac-secbench,aws-tf-001,aws-tf-001,simple__mistral__aws-tf-001,simple__mistral__aws-tf-001,2,False,artifact_finding_count >= 3,v1.0,67295a1742a01a77dd35a3a817e591a6206356a963f5fe46edae6481b6ac9164,85ed71a34776551a190889d3c5ced590bae8d2f7f05e8a80f8631957f8ba187e
geniac-secbench,aws-tf-002,aws-tf-002,simple__mistral__aws-tf-002,simple__mistral__aws-tf-002,2,False,artifact_finding_count >= 3,v1.0,67295a1742a01a77dd35a3a817e591a6206356a963f5fe46edae6481b6ac9164,0b315ffb0edb70e4996ea0e1fce33a9222fc7b358268484c70375cad99a7d775
